id,name,sic,sic_adj,fran,nbran,dome,year,gta,gts,roa,roe,opr,nir,deratio,icr,ncratio,nclratio,cratio,qratio,cashratio,tat,set,ncat,ivt,eff_inv,eff_wquip,opersurp,laborcost,finexp,dep,roa_roa,roa_nir,roa_tat,roe_roe,roe_nir,roe_tat,roe_drl,opercf,invcf,fincf,dcl,dol,dfl
2021_1,(유)아웃백스테이크하우스코리아,56123,4,1,1,2,2020,20.67,17.13,15.54,30.9,7.96,5.99,111.94,,126.27,112.01,86.35,83.05,61.58,2.59,5.15,4.32,159.01,121.72,362.7,23736.305,97524.66,-39.62,10266.46,15.54,5.99,2.59,30.9,5.99,2.59,2.119402465,32269,-20712,0,11.58817055,8.730756813,1.327281335
2021_2,(주)TS푸드앤시스템,56192,6,1,1,2,2020,-80.22,-56.42,-101.06,0,-34.6,-85.03,0,-5.48,0,0,13.64,13.52,1.02,1.19,0,1.92,12.82,-187.2,0,-2055.308,957.55,335.62,399.96,-101.06,-85.03,1.19,0,-85.03,1.19,-0.157956278,-1846,3840,-1945,-0.273197733,-0.67138098,0.406919084
2021_3,(주)공차코리아,56229,10,1,1,1,2020,14.29,-18.13,30.1,40.53,10.86,19.46,28,,82.64,77.22,216.18,166.82,118.16,1.55,2.08,2.42,19.85,45.02,1074.77,11654.018,6812.62,-165,2156.11,30.1,19.46,1.55,40.53,19.46,1.55,1.280014706,9536,2773,-7706,1.422501565,2.550165906,0.557807459
2021_4,(주)김家네,56194,8,1,2,1,2020,-0.67,4.17,0.77,1.82,0.53,0.36,134.17,1.28,128.4,125.43,80.25,74.02,26.8,2.13,5.05,3.81,48.99,31.56,68.63,137.635,3736.54,68.87,624.72,0.77,0.36,2.13,1.82,0.36,2.13,2.341672403,716,-132,-240,57.04049281,38.55940181,1.479288841
2021_5,(주)놀부,56111,1,1,2,1,2020,-35.1,-25.93,-44.69,-151.53,-7.71,-46.02,646.88,-2.66,667.97,135.03,31.29,19.21,5.31,0.97,3.29,1.07,28.33,-14.98,-34.19,-5530.132,10643.79,1478.66,4304.39,-44.69,-46.02,0.97,-151.53,-46.02,0.97,7.468771845,-935,-551,1987,-0.835423626,-4.987632862,0.167499022
2021_6,(주)닥터로빈,56123,4,1,1,1,2020,-13.25,-15.87,-10.86,-13.03,-6.56,-6.27,19.87,,90.95,88.48,169.37,153.66,123.52,1.73,2.08,2.34,46.34,39.38,565.89,-652.664,1248.71,-20.96,270.34,-10.86,-6.27,1.73,-13.03,-6.27,1.73,1.198685031,185,-36,-59,-3.9725707,-3.796356778,1.046416586
2021_7,(주)더본코리아,56300,11,1,2,1,2020,20.69,12.17,6.23,10.84,6.3,5.56,77.72,11.14,128.79,106.61,85.97,77.63,55.08,1.12,1.95,1.56,44.91,35.15,81.71,8327.362,27808.61,156.84,9164.44,6.23,5.56,1.12,10.84,5.56,1.12,1.77723562,12982,-7052,-6642,8.571165109,7.572079378,1.131943378
2021_8,(주)동바오,56121,2,2,1,1,2020,2.68,-75.64,-5.84,0,-70.91,-128.31,0,-1.48,0,0,63.23,63.23,51.46,0.05,0,0.05,26.98,0.13,0.14,-1028.021,540.27,413.18,37.56,-5.84,-128.31,0.05,0,-128.31,0.05,-22.21806639,-1494,-643,2274,-0.491198014,-0.888805398,0.552649674
2021_9,(주)딘타이펑코리아,56121,2,1,1,2,2020,-22.65,-24.34,-17.4,0,-8.05,-7.82,0,-23.42,0,0,32.74,28.39,20.39,2.22,0,3.67,64.98,145.05,640.37,-927.914,4730,34.52,423.22,-17.4,-7.82,2.22,0,-7.82,2.22,-4.43411714,-519,-306,0,-9.028469135,-8.772154783,1.029219087
2021_10,(주)리치빔,56193,7,1,1,1,2020,23.5,26.18,39.64,48.34,26.08,22.32,21.6,,14.38,13.22,833.08,806.83,60.34,1.78,2.17,8.29,71.33,56.65,545.22,18631.47,4748.65,-490.83,389.18,39.64,22.32,1.78,48.34,22.32,1.78,1.21602619,13402,-9608,-6,1.798888713,1.539661831,1.168366116
2021_11,(주)멕시카나,56193,7,1,1,1,2020,31.65,7.61,8.73,13.38,9.59,6.04,64.55,24.44,137.97,100.69,96.55,85.24,61.2,1.44,2.21,1.85,72.79,21.3,26.68,7122.018,4602.66,229.76,769.97,8.73,6.04,1.44,13.38,6.04,1.44,1.645483659,7394,-19441,8046,5.476774149,3.450710291,1.587144004
2021_12,(주)미셸푸드,56111,1,1,2,1,2020,-12.05,-16.53,-9.95,-20.82,-3.08,-2.96,118.59,,90.3,71.15,139.93,135.96,48.22,3.37,7.04,7.73,236.51,15.32,86.72,-1596.867,2217.51,-7.42,1211.8,-9.95,-2.96,3.37,-20.82,-2.96,3.37,2.18588331,-123,-451,111,-1.903244099,-1.825815568,1.042407641
2021_13,(주)밀탑,56229,10,1,1,1,2020,-33.33,-32.4,-19.44,0,-6.62,-10.39,0,-4.33,0,0,31.09,30.51,0.28,1.87,0,4.75,195.75,91.92,601.23,-484.618,1978.83,-57.22,352.44,-19.44,-10.39,1.87,0,-10.39,1.87,-1.088316794,-760,-63,830,-7.679047684,-12.05608134,0.636943918
2021_14,(주)바이킹그룹,56123,4,2,2,1,2020,-25.74,-37.39,-27.98,-88.54,-7.25,-14.32,375.88,-9.04,217.42,71.2,151.56,148.03,11.4,1.95,6.18,4.18,66.4,24.09,104.93,-2054.259,3579.85,198,913.37,-27.98,-14.32,1.95,-88.54,-14.32,1.95,4.758834297,-270,-1382,1447,-2.851891748,-5.629465344,0.506600818
2021_15,(주)보나비,56191,5,2,1,1,2020,-7.36,-2.76,-13.32,-126.97,-8.49,-12.08,2521.27,-4.23,2412.43,266.54,12.17,8.25,1.14,1.1,10.51,1.2,46.94,42.46,72.63,-8364.64,18368.09,1078.68,17746.45,-13.32,-12.08,1.1,-126.97,-12.08,1.1,26.21266809,9755,-4545,-5058,-4.169559657,-5.933342979,0.702733631
2021_16,(주)브레댄코,56191,5,1,1,1,2020,-15.57,-40.65,-1.45,0,-0.32,-0.67,0,-2.96,0,0,15.69,15.69,6.92,2.18,0,2.83,0,61.14,140.15,-52.687,1644.69,13,219.37,-1.45,-0.67,2.18,0,-0.67,2.18,-1.643120815,-560,399,-72,-78.27803321,-163.7391472,0.478065475
2021_17,(주)삼양에프앤비,56123,4,2,2,1,2020,-49.05,-79.39,-22.18,0,-31.44,-40.9,0,-2.07,0,0,14.03,14.02,2.77,0.54,0,1.51,76.66,27.63,4944.06,-1086.748,956.68,244.91,728.69,-22.18,-40.9,0.54,0,-40.9,0.54,-0.185172927,82,1931,-1690,-1.283157029,-1.669002825,0.768816571
2021_18,(주)삼원가든,56113,1,2,1,1,2020,-15.94,-32.36,-21.18,0,-20.47,-21.1,0,-11.15,0,0,31.03,28.91,13.55,1,0,1.47,25.9,43.99,90.26,-5681.614,11403.09,421.14,543.5,-21.18,-21.1,1,0,-21.1,1,-101.9423671,-5531,-849,2000,-4.739042003,-4.885350827,0.970051521
2021_19,(주)새벽집,56111,1,2,1,1,2020,-2.1,-16.5,-6.32,-17.18,-6.67,-22.54,194.34,-1.28,268.15,249.62,14.02,13.83,3.99,0.28,0.76,0.31,290.28,0.89,1,-943.265,872.18,386,102.8,-6.32,-22.54,0.28,-17.18,-22.54,0.28,2.943447818,-91,-649,867,-0.936720161,-3.165181736,0.295945143
2021_20,(주)소우케이티지푸드,56113,1,2,1,1,2020,-1.32,-7.08,-0.93,-3.6,1.91,-8.36,292.67,0.16,390.56,386.18,0.72,0.42,0.13,0.11,0.43,0.11,51.94,5.97,6,-185.58,658.29,219.79,163.08,-0.93,-8.36,0.11,-3.6,-8.36,0.11,3.926685766,-38,-58,0,-7.402770538,32.38219819,-0.228606177
2021_21,(주)신라명과,56191,5,1,2,1,2020,2.87,4.74,2.29,6.03,2.1,1.47,158.56,5.01,129.11,77.69,140.12,124.14,53.19,1.56,4.1,2.99,26.5,18.34,37.7,814.199,2649.31,157.43,1621.76,2.29,1.47,1.56,6.03,1.47,1.56,2.585629248,2208,-709,-784,17.5471552,12.29662915,1.426989055
2021_22,(주)신화아이푸드,56300,11,2,2,1,2020,14.3,-18.27,5.01,9.68,7.66,6.78,96.42,5.58,140.09,110.05,81.49,81.07,0.43,0.74,1.43,1,297.44,9.62,16.53,3978.931,662.32,645.99,1488.08,5.01,6.78,0.74,9.68,6.78,0.74,1.964209422,5953,-13730,7669,1.885995303,1.667955842,1.130722562
2021_23,(주)쓰리에프글로벌,56111,1,2,1,1,2020,10.01,-39.89,-0.35,-0.54,-3.98,-1.7,63.08,-1.26,128.02,102.33,92.32,91.48,34.97,0.21,0.32,0.25,79.96,7.89,10.95,-488.631,2261.14,187.32,510.33,-0.35,-1.7,0.21,-0.54,-1.7,0.21,1.63081928,221,-259,1,-26.47033987,-11.29819688,2.342881803
2021_24,(주)안스베이커리,56191,5,2,1,1,2020,-19.59,-16.91,-18.76,-49.93,-6.57,-5.08,216.22,-44.63,119.44,65.37,147.38,138.91,3.46,3.69,9.83,9.5,106.19,144.62,464.77,-561.726,1797.51,11.77,305.8,-18.76,-5.08,3.69,-49.93,-5.08,3.69,3.162168923,405,-71,-400,-7.131776243,-5.519437919,1.292120022
2021_25,(주)에스엠엔터프라이즈,56123,4,2,2,1,2020,-21.62,-46.62,-21.23,-95.66,-17.86,-20.93,659.06,-8.38,630.22,363.01,22.01,21.08,0.05,1.01,4.57,1.45,113.79,19.79,28.88,-2002.793,1623.27,177.04,946.54,-21.23,-20.93,1.01,-95.66,-20.93,1.01,7.590636024,-347,-802,1096,-2.436093753,-2.855102525,0.853242128
2021_26,(주)에스지(SG)다인힐,56123,4,1,2,1,2020,-3.32,29.31,-9.11,-174.3,-1.58,-2.88,14545.84,-3.48,8312.54,138.92,73.12,65.53,25.08,3.16,60.54,6.05,74.38,93.24,1207.37,-566.838,6225.31,123.84,369.1,-9.11,-2.88,3.16,-174.3,-2.88,3.16,146.4576371,-248,-1602,1400,-34.73054785,-63.26734884,0.548949
2021_27,(주)에이치앤홀딩스,56111,1,2,1,1,2020,23.08,291.8,-3.54,-28.48,68.57,-8.62,958.87,2.28,1035.87,498.5,2.7,2.7,0.18,0.41,3.3,0.42,0,15.57,0,25037.267,1892.7,15343.12,12357.6,-3.54,-8.62,0.41,-28.48,-8.62,0.41,10.58867636,-1903,-24772,22573,-11.59431958,1.45835145,-7.950291804
2021_28,(주)에이티컴퍼니,56111,1,1,1,1,2020,-30.82,-41.22,-43.69,-231.98,-14.19,-28.78,69.21,-10.93,107.71,107.71,88.86,88.86,59.56,1.52,8.06,2.21,0,54.18,421.83,-915.919,2095.13,76.67,226.24,-43.69,-28.78,1.52,-231.98,-28.78,1.52,1.692115538,-583,182,1072,-2.202069208,-4.465560281,0.493122715
2021_29,(주)엔타스,56300,11,2,2,1,2020,5.91,-18.27,-12.71,-59.16,-1.79,-17.69,119.45,-0.41,184.73,158.84,33.66,32.42,14.7,0.72,3.34,0.9,128.59,26.96,43.03,-1310.599,21946.96,510.96,3549.31,-12.71,-17.69,0.72,-59.16,-17.69,0.72,2.194542918,995,221,675,-5.652071258,-55.84711999,0.101206137
2021_30,(주)엔타스에스디,56111,1,2,2,1,2020,11.63,-18.26,10.75,17.76,12.81,10.21,60.8,27.24,108.97,101.67,96.66,94.96,80.84,1.05,1.74,1.5,154.53,57.38,99.74,1640.608,4174.87,55.96,793.47,10.75,10.21,1.05,17.76,10.21,1.05,1.607960982,2385,-933,27,9.795050281,7.80801359,1.254486838
2021_31,(주)엘에프푸드,56122,3,1,2,1,2020,7.46,68.37,-9.92,-14.02,-12.48,-15.51,57.4,-13.93,117.84,106.48,84.65,31.99,3.16,0.64,0.9,0.8,5.24,3.81,39.35,-13157.322,14386.64,387.33,8469.75,-9.92,-15.51,0.64,-14.02,-15.51,0.64,1.574004862,-5339,-4577,9890,-1.278876771,-1.590107755,0.804270507
2021_32,(주)오발탄에프에스,56111,1,1,1,1,2020,2.54,-29.89,4.86,10.48,11.57,8.8,112.17,5.76,153.54,144.4,55.4,54.71,40.09,0.55,1.19,0.76,164.86,30.44,47.95,733.492,1929.46,109.97,198.52,4.86,8.8,0.55,10.48,8.8,0.55,2.121708744,507,-260,-400,8.017809431,6.101079012,1.31416253
2021_33,(주)월향,56111,1,1,1,1,2020,-52.04,-76.22,-21.89,0,-90.29,-61.82,0,-164.27,0,0,16.07,16.07,0.11,0.35,0,0.53,16.83,17.87,1207.26,-2671.509,2236.97,-124.34,0,-21.89,-61.82,0.35,0,-61.82,0.35,-2.816765679,0,0,0,-0.833720859,-0.570837695,1.460521731
2021_34,(주)이디야,56221,10,1,1,1,2020,19.74,1.43,8,14.67,6.28,4.9,87.52,20.69,149.23,115.37,65.82,34.19,0.7,1.63,2.99,2.06,22.51,31.41,47.1,13457.794,25348.91,597.55,3406.04,8,4.9,1.63,14.67,4.9,1.63,1.875240826,2360,-20789,14145,7.644570394,5.96826424,1.280869963
2021_35,(주)이랜드이츠,56300,11,1,2,1,2020,-40.84,-1.8,-42.68,-93.1,-27.5,-28.91,216.75,-562.25,175.74,87.12,122.58,92.73,36.03,1.48,3.22,3.18,16.65,-34.44,-146.65,-63003.893,6041.73,-806.61,25959.5,-42.68,-28.91,1.48,-93.1,-28.91,1.48,3.167526999,-40962,20919,5342,0.083303848,0.087558094,0.951412304
2021_36,(주)이바돔,56111,1,1,2,1,2020,-26.77,-42.46,-24.44,0,-19.17,-24.97,0,-5.51,0,0,16.73,4.75,0.15,0.98,0,1.25,7.6,14.47,34.51,-10511.699,9032.12,1536.18,4222.66,-24.44,-24.97,0.98,0,-24.97,0.98,-5.39715497,4246,1700,-7713,-0.979678389,-1.275853103,0.767861431
2021_37,(주)장충동왕족발,56111,1,1,1,1,2020,-4.42,19.77,6.39,18.31,10.67,7.95,156.57,7.32,203.93,102.7,90.74,69.81,5.07,0.8,2.3,0.99,17.12,20.43,26.75,2476.815,2423.82,322.99,1122.14,6.39,7.95,0.8,18.31,7.95,0.8,2.56565602,3256,999,-4225,5.464495359,4.073353495,1.341522499
2021_38,(주)재원푸드,56191,5,1,1,1,2020,-13.07,-22.25,-4.68,-6.83,-3.5,-3.08,46.18,,50.44,38.59,618.86,556.18,96.84,1.52,2.22,4.92,19.92,19.61,1233.87,-1000.073,4699.03,-170.01,221.86,-4.68,-3.08,1.52,-6.83,-3.08,1.52,1.461782517,96,2595,-1143,-16.03812414,-14.10986647,1.136660235
2021_39,(주)전한,56113,1,2,1,2,2020,-5.61,-18.33,0.61,1.39,1.51,0.41,118.71,1.63,162.33,121.86,65.94,62.78,25.57,1.49,3.37,1.99,100.73,69.17,148.81,547.754,19890.75,411.04,3961.82,0.61,0.41,1.49,1.39,0.41,1.49,2.187134205,2841,-3140,-242,139.9596744,38.30945646,3.653397551
2021_40,(주)정정당당,56111,1,2,1,1,2020,-6.04,-16.03,-7.82,-38.2,-4.79,-4.57,571.91,-18.87,322.04,67.64,178.69,156.55,1.14,1.71,8.37,3.59,26.75,89.05,522.1,-3126.092,28727.1,-326.18,1601.47,-7.82,-4.57,1.71,-38.2,-4.57,1.71,6.719114549,7799,-7533,-699,-13.34614702,-12.71800745,1.049389779
2021_41,(주)제너시스비비큐,56193,7,1,2,1,2020,55.03,31.26,3.7,8.62,16.58,1.6,171.21,681.28,83.27,79.94,112.51,106.89,59.57,2.31,5.38,6.74,69.46,18.18,160.87,54111.346,15380.28,-132.78,2890.83,3.7,1.6,2.31,8.62,1.6,2.31,2.712120087,42958,-7221,-259,22.45536214,2.171385542,10.34149012
2021_42,(주)젠푸드,56122,3,1,1,1,2020,10.29,-4.49,5.49,10.1,4.63,4.69,83.66,54.96,87.44,64.6,199.15,162.35,123.81,1.17,2.15,2.41,14.3,17.82,47.6,1441.152,1463.98,-79.43,987.59,5.49,4.69,1.17,10.1,4.69,1.17,1.836593762,3382,-1430,89,9.241657471,9.363174857,0.987021775
2021_43,(주)준코,56212,9,1,1,1,2020,-33.52,-39.41,-34.31,0,-18.63,-22.34,0,-6.08,0,0,8.39,8.39,0.12,1.54,0,1.72,0,98.89,802.91,-1079.54,13021.94,1347.78,10094.85,-34.31,-22.34,1.54,0,-22.34,1.54,-3.033502556,1038,211,-1290,-3.223092032,-3.864972983,0.833923561
2021_44,(주)차우,56111,1,2,2,1,2020,1.51,-60.3,22.35,31.75,-103.5,1156.22,6.56,-1.91,95.73,95.73,165.05,164.11,3.86,0.02,0.03,0.02,24.9,30.06,40799.15,-691.263,670.11,-2.22,13.41,22.35,1156.22,0.02,31.75,1156.22,0.02,1.065573384,-258,18205,-18140,0.017913162,-0.200113053,-0.089515208
2021_45,(주)채선당,56111,1,1,2,1,2020,-14.04,-31.17,-5.64,-9.06,-4.09,-3.3,55.54,-585.26,76.31,56.25,398.48,328.47,161.73,1.71,2.74,3.69,17.12,32.88,88.1,-1297.661,5404.26,-34.73,496.34,-5.64,-3.3,1.71,-9.06,-3.3,1.71,1.555393258,73,-2351,-395,-9.296846533,-7.509793152,1.237963063
2021_46,(주)캘리스코,56122,3,1,1,2,2020,-14.85,-25.21,-23.3,-124.55,-13.81,-16.38,1498.34,-10.98,1234.91,283.69,31.25,29.35,11.63,1.42,7.6,1.75,58,11.18,27.76,-9664.555,4392.65,699.02,9744.46,-23.3,-16.38,1.42,-124.55,-16.38,1.42,15.98340914,-587,1286,2087,0.103306527,0.122535687,0.843072983
2021_47,(주)커피빈코리아,56221,10,2,1,2,2020,-6.23,-23.09,-11.36,-26.65,-14.45,-13.75,162.05,-12.32,197.58,135.97,55.23,45.21,2.58,0.83,1.94,1,19.98,27.35,82.61,-18043.696,24581.57,-312.39,12063.13,-11.36,-13.75,0.83,-26.65,-13.75,0.83,2.620460118,-1502,-1661,4623,-3.493880166,-3.323844808,1.051156226
2021_48,(주)탐앤탐스,56221,10,1,1,1,2020,-44.37,-20.23,-7.5,-19.7,-5.64,-12.06,108.03,-1.74,152.75,121.06,67.53,56.74,4.6,0.62,1.63,0.78,20.73,9.19,42.9,-4696.555,4677.46,1741.51,2535.64,-7.5,-12.06,0.62,-19.7,-12.06,0.62,2.080303931,-6559,41599,-34262,-3.112240408,-6.650253898,0.467988209
2021_49,(주)태범,56191,5,1,1,2,2020,-18.21,-3.48,-16.21,0,34.02,-172.5,0,0.94,0,0,2.41,2.38,0.49,0.09,0,0.11,267.11,-11.5,-11.97,90.926,298.75,782.73,278.96,-16.21,-172.5,0.09,0,-172.5,0.09,-3.493091785,-410,825,-583,-0.496910461,2.519516363,-0.197224542
2021_50,(주)태성골뱅이,56111,1,1,1,1,2020,20.15,-96.68,-3.74,0,-3455.26,-3770.26,0,-11.69,0,0,55.25,55.25,53.15,0,0,0,0,-0.17,-0.19,-562.469,439.36,44.18,8.63,-3.74,-3770.26,0,0,-3770.26,0,-36.29065947,1403,-1141,1409,-0.026523323,-0.028941382,0.916449765
2021_51,(주)파리크라상,56191,5,1,2,1,2020,-2.04,-3.52,-5.83,-13.52,1.96,-5.25,148.12,2.86,218.79,150.78,28.47,23.02,1.7,1.11,2.58,1.26,51.25,19.25,43.06,25719.728,204542.63,8964.31,85821.66,-5.83,-5.25,1.11,-13.52,-5.25,1.11,2.481199414,105867,-121342,17891,-9.25552867,24.78894706,-0.373373207
2021_52,(주)페리카나,56193,7,1,1,1,2020,8.18,-0.95,6.11,9.29,4.26,2.89,51.06,92.6,87.55,74.44,189.83,186.73,107.53,2.11,3.21,3.86,251.07,16.42,40.89,2196.11,2031.34,-159.41,105.38,6.11,2.89,2.11,9.29,2.89,2.11,1.510638381,2567,-1125,-52,4.951636908,3.359014728,1.474133729
2021_53,(주)평가옥푸드시스템,56111,1,1,1,2,2020,-3.75,-22.96,-2.1,-21.46,-1.94,-5.43,1022.16,-0.53,1101.95,567.25,2.18,2.07,1.29,0.39,3.96,0.39,390.95,16.24,17.9,-258.61,1250.92,168.62,329.12,-2.1,-5.43,0.39,-21.46,-5.43,0.39,11.22157064,110,113,-181,-12.89136924,-35.99441049,0.358149198
2021_54,(주)풀무원푸드앤컬처,56300,11,1,2,2,2020,-3.11,-26.27,-12.78,-86.65,-7.45,-9.36,982.72,-3.01,975.08,125.23,35.39,32.07,2.24,1.37,9.26,1.55,141.64,7.85,10.77,-43253.397,20482.58,10263.5,40316.66,-12.78,-9.36,1.37,-86.65,-9.36,1.37,10.82723217,1245,-17548,8857,0.089272815,0.112178704,0.795808938
2021_55,(주)하남에프앤비,56113,1,1,1,2,2020,77.88,-25.37,-1.03,-1.92,0.65,-1.09,140.7,3.48,184.83,87.03,197.3,195.54,10.73,0.95,1.77,1.48,290.83,13.84,19.76,131.923,1940.67,-36.96,451.87,-1.03,-1.09,0.95,-1.92,-1.09,0.95,2.407046522,786,-9564,8408,-26.87763216,44.69112,-0.601408785
2021_56,(주)한국일오삼,56193,7,1,2,1,2020,39.75,13.28,11.82,16.87,16.68,8.69,40.3,39.05,67.55,66.17,190.37,188.88,120.23,1.36,1.94,2.26,365.38,20.54,235.79,15334.048,4912.96,-245.69,227.57,11.82,8.69,1.36,16.87,8.69,1.36,1.403036128,8886,-3435,14934,3.04956985,1.589165735,1.918975336
2021_57,(주)한솥,56111,1,1,1,1,2020,17.91,4.83,13.68,17.93,9.37,7.22,32.05,,31.75,29.68,400.46,398,355.88,1.89,2.48,7.08,130.22,20.96,28316.33,9673.942,2370.01,-350.01,112.23,13.68,7.22,1.89,17.93,7.22,1.89,1.320459439,11050,2289,-1260,2.227168415,1.717919822,1.296433271
2021_58,(주)한일관,56111,1,1,1,1,2020,-5.04,-28.82,0.38,2,0.93,0.14,413.03,,306.75,99.14,101.3,88.16,42.64,2.61,13.9,4.71,83.05,115.53,539.67,133.007,4323.68,-2.56,291.7,0.38,0.14,2.61,2,0.14,2.61,5.13034472,-268,-788,0,694.2676015,107.7962391,6.440554952
2021_59,(주)한화비앤비,56221,10,1,1,1,2020,-43,-45.17,-25.38,-44.4,-34.43,-39.35,64.01,-32.89,66.08,45.97,483.12,475.29,22.26,0.64,1.13,1.49,70.8,8.31,33.16,-2845.039,1737.6,34.1,995.68,-25.38,-39.35,0.64,-44.4,-39.35,0.64,1.640101833,-1766,1179,-687,-0.407062882,-0.465240975,0.874950625
2021_60,(주)할리스에프앤비,56221,10,1,2,1,2020,-19.4,-14.76,-0.69,-1.53,2.61,-0.85,120.13,1.21,183.34,108.26,72.46,56.63,15.34,0.81,1.8,0.98,29.43,26.64,130.71,1731.969,11083.82,2007.3,29009.82,-0.69,-0.85,0.81,-1.53,-0.85,0.81,2.201266739,26119,2704,-37486,-24.20327312,7.904465565,-3.061974642
2021_61,(주)핫시즈너,56194,8,1,1,1,2020,6.49,-3.47,-0.53,-1.08,0.24,-0.46,110.94,0.32,182.22,169,27.85,26.42,18.17,1.17,2.37,1.39,192.15,18.68,23.73,-12.179,6643.31,421.32,2064.3,-0.53,-0.46,1.17,-1.08,-0.46,1.17,2.109368042,5062,-4998,0,-66.04881459,124.3128378,-0.531311293
2021_62,(주)혜인식품,56300,11,1,2,1,2020,10.48,5.7,9.03,9.7,26.46,20.97,7.7,,28,27.89,1090.63,1081.01,106.73,0.43,0.46,1.94,66.41,11.29,83.04,16554.45,1147.77,-1772.15,318.2,9.03,20.97,0.43,9.7,20.97,0.43,1.077009237,12399,-19909,0,2.07045264,1.641339131,1.2614411
2021_63,(주)후니에프앤비,56111,1,1,1,1,2020,-1.62,-24.5,3.87,5.31,2.03,2.21,32.65,18.97,44.17,40.51,374.78,360.96,211.48,1.75,2.4,6.06,118.33,61.45,574.15,258.278,2464.42,3.68,244.85,3.87,2.21,1.75,5.31,2.21,1.75,1.326502723,415,-865,0,17.84683581,19.46523107,0.916857126
2021_64,CJ푸드빌주식회사,56300,11,1,2,1,2020,-16.19,-31.28,6.53,50.95,-8.66,6.64,686.16,-4.03,532.62,144.77,60.62,54.91,29.58,0.98,7.68,1.37,30.75,47.42,275.31,-57958.627,106914.92,9528.73,56415.31,6.53,6.64,0.98,50.95,6.64,0.98,7.861618385,9009,125127,-92948,6.34392803,-4.863554015,-1.304381119
2021_65,갓파크리에이트코리아주식회사,56113,1,2,1,2,2020,-6.19,-17.6,-9.01,0,-3.78,-5.61,0,-1.99,0,0,15.67,13.65,9.46,1.61,0,1.87,76.42,83.6,198.33,-714.407,4184.97,238,505.05,-9.01,-5.61,1.61,0,-5.61,1.61,-20.99091386,-491,-45,700,-11.83486261,-17.56276251,0.673861108
2021_66,꿈꾸는이상(주),56113,1,1,2,1,2020,81.23,-22.38,1.31,5.28,5.94,2.26,406.2,2.14,473.3,103.23,68.96,53.82,36.37,0.58,2.33,0.65,32.35,21.91,29.93,472.53,4347.64,389.13,871.62,1.31,2.26,0.58,5.28,2.26,0.58,5.062010549,3058,-16720,12374,28.01916768,10.6759708,2.624507711
2021_67,뚜쥬루개발(주),56191,5,2,1,1,2020,1.82,16.46,5.68,24.33,9.98,9.28,285.69,6.05,343.82,194.48,20.04,19.63,5.55,0.61,2.62,0.66,253.85,14.57,16.71,638.276,73.28,120.69,839.16,5.68,9.28,0.61,24.33,9.28,0.61,3.856937431,1708,-769,-702,1.642716791,1.528090065,1.075013069
2021_68,로쏘주식회사,56191,5,2,2,1,2020,-0.87,-8.07,4.2,4.84,12.67,4.53,12.67,1335.8,34.81,34.81,614.3,601.67,25.55,0.93,1.07,3.23,69.77,28.38,124.39,6656.451,9842.47,-467.78,1323.48,4.2,4.53,0.93,4.84,4.53,0.93,1.126746733,2887,613,-3200,9.282555341,3.315251045,2.799955483
2021_69,롯데지알에스주식회사,56300,11,1,2,1,2020,2.39,-18.67,-4.04,-14.01,-2.85,-4.9,276.22,-1.42,233.83,107.8,89.38,85.24,6.98,0.83,2.86,1.28,47.18,28.37,344.31,-27940.634,172550.78,8451.9,84592.84,-4.04,-4.9,0.83,-14.01,-4.9,0.83,3.762205922,68684,-86451,41838,-10.6275085,-18.23694772,0.582746009
2021_70,리치푸드(주),56219,9,1,2,1,2020,-7.5,-32.73,0.87,1,-1.34,2.34,9.54,-8.37,90.43,88.25,270.17,254.23,10.55,0.37,0.43,0.7,33.13,8.56,14.29,-53.991,1538.97,-56.56,238.38,0.87,2.34,0.37,1,2.34,0.37,1.095400582,-1568,1317,206,12.01259582,-20.99100058,-0.572273617
2021_71,본아이에프주식회사,56111,1,1,2,1,2020,-8.21,-8.26,0.69,2.62,2.37,0.34,395.85,5.72,457.16,376.39,10.33,10.27,1.57,2.03,7.72,2.25,577.99,20.98,34.6,3903.573,14247.8,729.51,2221.11,0.69,0.34,2.03,2.62,0.34,2.03,4.958482623,12926,-403,-14166,61.24830623,8.745208527,7.003641599
2021_72,본촌인터내셔날(주),56193,7,2,1,1,2020,7.06,3.63,11.83,13.74,64.6,44.65,14.5,85.19,68.94,68.22,339.19,332.87,247.62,0.26,0.31,0.37,32.87,20.93,164.94,9824.992,1445.12,100.59,495.81,11.83,44.65,0.26,13.74,44.65,0.26,1.144959993,9148,3535,-440,1.881598071,1.300424801,1.446910324
2021_73,본푸드서비스주식회사,56111,1,1,2,1,2020,-20.64,-14.05,-26.89,-64.71,-5.5,-7.61,214.84,-700.87,198.34,194.86,54.68,54.09,21.01,3.53,8.5,5.77,433.53,20.68,84.43,-3208.264,5091.11,-4.42,1829.11,-26.89,-7.61,3.53,-64.71,-7.61,3.53,3.14844759,-621,-966,480,-0.728161834,-1.008858293,0.7217682
2021_74,비알코리아(주),56229,10,1,2,2,2020,9.21,4.43,8.63,10.59,9.94,8.12,23.78,,32.47,32.47,384.01,348.51,23.11,1.06,1.3,3.9,15.36,30.9,284.19,70838.974,85611.89,-5853.49,19342.34,8.63,8.12,1.06,10.59,8.12,1.06,1.237764701,65236,-25511,-14768,6.743153065,5.510403914,1.223713029
2021_75,서윤푸드,56111,1,2,1,1,2020,-66.24,-20.09,-23.73,0,-2.37,-4.3,0,,0,0,166.08,162.11,106.16,5.52,0,28.46,736.27,553.82,85351.81,-207.02,4383.55,-0.57,128.99,-23.73,-4.3,5.52,0,-4.3,5.52,-323.284219,-952,81,-29,-23.23823297,-42.26271015,0.549851935
2021_76,세한주식회사,56123,4,2,1,1,2020,-12.78,-26.57,-15.34,-81.76,-88.06,-95.03,739.82,-18.49,791.81,121.6,25.44,21.46,2.68,0.16,0.86,0.17,28.32,2.8,3.02,-2858.128,969.34,143.81,2131.07,-15.34,-95.03,0.16,-81.76,-95.03,0.16,8.398197483,-767,321,390,-0.443807129,-0.47894133,0.926641951
2021_77,스무디킹코리아(주),56229,10,1,1,2,2020,-20.12,-17.44,-24.24,-61.36,-17.68,-23.47,221.23,-23.7,184.13,85.09,130.78,84.65,45.82,1.03,2.61,1.93,7.2,12.76,225.35,-2245.556,2205.96,35.56,1156.44,-24.24,-23.47,1.03,-61.36,-23.47,1.03,3.21229386,-651,1523,-1272,-1.284498576,-1.70515286,0.753304062
2021_78,씨디엔에이,56111,1,1,1,2,2020,-27.87,-51.49,-34.22,0,-42.26,-31.85,0,-13.84,0,0,2,1.7,0.08,1.07,0,1.16,243.45,10.13,34.42,-2497.694,1536.31,168.05,395.38,-34.22,-31.85,1.07,0,-31.85,1.07,-0.678461738,-606,875,-563,-0.095100518,-0.071665027,1.327014337
2021_79,아모제푸드(주),56300,11,2,2,1,2020,-3.23,-71.96,-19.23,-57.66,-31.55,-33.99,316.95,-12.34,206.73,86.19,118.71,118.71,6.64,0.57,1.7,1.07,0,-11.04,-28.63,-6576.899,1991.97,-140.61,982.42,-19.23,-33.99,0.57,-57.66,-33.99,0.57,4.169454871,-7407,-1427,8883,0.35546856,0.382867151,0.928438387
2021_80,에렉스에프앤비주식회사,56300,11,2,2,2,2020,-26.18,-28.93,-31.78,0,-13.74,-17.49,0,-10.89,0,0,11.09,7.85,0.34,1.82,0,2.11,61.7,-6.33,-16.03,-4424.093,1926.45,367.78,1823.46,-31.78,-17.49,1.82,0,-17.49,1.82,-7.151541824,-2130,822,1304,0.3211579,0.408774145,0.785660993
2021_81,엠즈씨드주식회사,56221,10,2,1,2,2020,-5.92,-17.05,-0.12,-0.37,1.04,-0.11,206.86,2.78,223.42,130.83,61.31,56.46,22.72,1.03,3.27,1.43,51.71,67.35,507.16,575.487,29348.93,269.18,13367.53,-0.12,-0.11,1.03,-0.37,-0.11,1.03,3.068647962,14259,-4969,-9982,-873.3433415,96.25142808,-9.073562428
2021_82,원앤원(주),56111,1,1,2,1,2020,2.27,13.43,3.45,5.35,3.79,2.58,56.89,10.78,106.13,79.76,213.03,179.18,157.31,1.33,2.07,1.91,17.64,32.72,54.5,2617.162,10718.09,233.03,2222.32,3.45,2.58,1.33,5.35,2.58,1.33,1.568907659,8806,-695,-2000,14.98184189,10.2238979,1.465374756
2021_83,주식회사갓텐코리아,56122,3,1,1,1,2020,-11.71,0.47,-9.52,0,-3.37,-2.66,0,-20.98,0,0,62.92,44.23,25.42,3.58,0,6.34,28.91,30.68,150.27,-989.691,1743.4,43.01,1088.43,-9.52,-2.66,3.58,0,-2.66,3.58,-2.706885084,1266,-503,-510,-2.219760334,-1.751840377,1.267101936
2021_84,주식회사고품질,56111,1,2,1,1,2020,-4.2,-0.04,-4.53,-7.84,11.51,-16.83,76.39,3.35,164.98,104.17,63.33,55.76,38.03,0.27,0.47,0.3,37.49,8.97,10.21,656.302,2844.88,196.56,292.5,-4.53,-16.83,0.27,-7.84,-16.83,0.27,1.763897262,933,-1169,0,-5.940601673,8.687289386,-0.683826843
2021_85,주식회사남문,56111,1,2,1,1,2020,-8.19,-45.94,0.38,0.65,-1.4,0.67,63.04,-0.97,145.94,145.94,27.13,24.12,22.07,0.57,0.96,0.69,37.38,39.35,9364.05,7.167,5212.35,-139.66,53.37,0.38,0.67,0.57,0.65,0.67,0.57,1.630389946,-644,-45,-400,148.9556554,-71.59580506,-2.080508142
2021_86,주식회사다도글로벌,56221,10,1,1,1,2020,-46.76,-22.73,10.38,0,-15.04,8.2,0,-5.59,0,0,22.07,20.28,4.49,1.27,0,1.73,68.9,81.68,605.59,-1438.81,3163.64,373.8,459.05,10.38,8.2,1.27,0,8.2,1.27,-1.353258798,-66,6521,-5932,5.696978921,-3.107242581,-1.833451613
2021_87,주식회사덕용푸드시스템,56111,1,2,2,1,2020,7.98,-21.21,8.8,12.81,5.81,11.71,41.93,9.95,105.98,93.31,126.8,124.38,56.71,0.75,1.09,1.23,143.36,40.59,295.18,7802.269,19988.18,-4391.08,1986.31,8.8,11.71,0.75,12.81,11.71,0.75,1.419302095,4960,-6223,340,8.541531473,17.2094686,0.496327439
2021_88,주식회사도레도레,56221,10,1,2,1,2020,-15.26,-30.27,-16.17,-37.76,-10,-13.12,164.14,-7.57,133.75,92.25,109.44,45.93,23.68,1.23,2.88,2.6,4.62,7.3,31.52,-1432.622,1113.57,162.05,906.67,-16.17,-13.12,1.23,-37.76,-13.12,1.23,2.641438465,-567,-1124,825,-0.189034847,-0.247938056,0.762427718
2021_89,주식회사뚝심,56111,1,1,1,1,2020,-7.17,-17.97,-16.95,-61.51,-8.06,-17.74,103.75,-0.86,124.4,84.09,142.19,138.32,88.88,0.96,3.47,1.67,89.99,48.43,316.49,-2612.649,5257.23,1420.98,2345.71,-16.95,-17.74,0.96,-61.51,-17.74,0.96,2.037474416,-10,3254,-1629,-3.451482655,-7.596959415,0.454324219
2021_90,주식회사명동교자,56111,1,1,1,1,2020,0.4,130.24,-0.58,-0.83,-1.14,-3.32,44.55,-0.29,137.81,133.43,16.33,15.32,5.23,0.17,0.25,0.18,49.17,6.1,6.53,-577.092,2691.18,441.62,509,-0.58,-3.32,0.17,-0.83,-3.32,0.17,1.445515738,406,-1518,500,-10.81524571,-31.62123495,0.342024773
2021_91,주식회사바나플에프엔비,56221,10,1,1,1,2020,-4.28,45.14,-35.08,0,-27.57,-30.92,0,-11.42,0,0,29.02,26.92,4.42,1.13,0,1.45,76.19,58.07,158.22,-5399.501,7101.02,433.64,2887.88,-35.08,-30.92,1.13,0,-30.92,1.13,-1.58846453,-1553,-3480,3799,-2.152654544,-2.414305193,0.891624866
2021_92,주식회사베리,56123,4,2,1,1,2020,-0.53,-53.42,0.12,0.44,7.04,0.97,269.5,0.38,217.03,94.31,109.4,109.22,0.5,0.12,0.45,0.21,42.74,5.68,9.73,29.311,378.22,79.39,181.15,0.12,0.97,0.12,0.44,0.97,0.12,3.695019348,-18,-200,3,69.56302857,9.610104783,7.238529666
2021_93,주식회사부자되세요,56113,1,2,1,1,2020,18.9,-0.73,9.19,17.92,11.98,9.13,94.3,15.49,152.16,98.88,104.28,100.35,89.39,1.01,1.96,1.26,87.95,45.54,92.28,4900.765,8511.75,200.77,7270.27,9.19,9.13,1.01,17.92,9.13,1.01,1.94302978,11729,-3405,-3712,7.029801361,5.354817129,1.312799521
2021_94,주식회사비에이치씨,56193,7,1,1,1,2020,38.28,25.67,31.79,103.6,32.46,18.79,205.45,45.07,65.33,62.73,119.28,118.1,113.45,1.69,5.51,6.73,200.39,45.17,540.53,128350.955,14306.9,2070.51,3711.19,31.79,18.79,1.69,103.6,18.79,1.69,3.054545148,122124,-940,-42576,2.245945918,1.299972956,1.727686648
2021_95,주식회사비케이알,56192,6,1,1,2,2020,3.1,13.63,-0.92,-2.91,1.43,-0.76,229.72,0.65,289.78,115.89,50.14,37.91,14.55,1.21,3.83,1.36,38.18,44.11,112.21,-3504.793,137399.66,11683.55,50809,-0.92,-0.76,1.21,-2.91,-0.76,1.21,3.297198464,66425,-29735,-27263,-81.06103447,43.12885381,-1.879508202
2021_96,주식회사설빙,56229,10,1,1,1,2020,7.97,-16.66,14.06,18.23,32.21,32,23.35,,52.67,52.38,310.06,309.24,33.13,0.44,0.57,1.34,152.3,25.58,1685.72,4460.247,2497.95,-283.93,499.81,14.06,32,0.44,18.23,32,0.44,1.23348215,3004,-2803,0,2.28227056,2.267583439,1.006476992
2021_97,주식회사스타벅스커피코리아,56221,10,2,1,2,2020,10.4,3.15,7.57,19.75,8.52,5.17,165.16,19.74,200.01,122.99,63.54,53.92,0.42,1.47,3.82,1.93,36.34,61.05,318.9,164448.121,322762.37,-52.26,192309.41,7.57,5.17,1.47,19.75,5.17,1.47,2.651629593,341171,-353342,-151780,10.36531674,6.283706839,1.649554476
2021_98,주식회사식의,56123,4,2,2,1,2020,12.73,-86.52,18.77,26.76,-16.92,89.7,33.22,-7.17,74.93,71.14,208.91,208.65,2.33,0.21,0.3,0.34,27.89,32.95,257.06,-385.525,1349.09,15.05,125.5,18.77,89.7,0.21,26.76,89.7,0.21,1.332223178,-967,-1406,1394,1.114793559,-5.909135569,-0.188655946
2021_99,주식회사썬앳푸드,56300,11,2,2,1,2020,21.22,-21.89,-4.01,-5.29,-13.58,-9.96,48.47,-11.85,122.1,113.36,64.7,61.63,7.73,0.4,0.53,0.5,42.61,13.12,21.5,-2204.038,4731.11,97.97,1069.4,-4.01,-9.96,0.4,-5.29,-9.96,0.4,1.484693165,-104,-12489,9000,-4.672134585,-3.427343751,1.363194043
2021_100,주식회사안스,56191,5,2,1,1,2020,5.91,11.39,5,29.9,7.84,5.71,435.46,3.57,469.35,156.04,28.17,25.19,14.37,0.88,5.24,0.97,64.17,27.83,32.3,715.957,1963.24,271.23,529.66,5,5.71,0.88,29.9,5.71,0.88,5.354630802,1379,-569,-240,6.576468876,4.788005783,1.373529852
2021_101,주식회사알트윈푸드,56122,3,1,2,1,2020,-32.44,-54.15,-26.13,-79.94,-9.14,-16.26,310.92,-17.67,327.73,225.6,31.31,29.66,0.08,1.61,4.92,2.12,372.88,106.25,1056,-506.066,3436.01,-41.36,161.88,-26.13,-16.26,1.61,-79.94,-16.26,1.61,4.109179438,-779,452,325,-4.302050488,-7.647634176,0.562533509
2021_102,주식회사에땅,56192,6,1,2,1,2020,-0.76,-12.66,7.97,9.62,-11.87,16.46,15.42,-14912.89,53.32,49.82,738.85,718.87,63.48,0.48,0.58,1.09,40.4,19.57,57.11,-2385.421,1843.25,-523.02,338.79,7.97,16.46,0.48,9.62,16.46,0.48,1.154246784,-6010,8060,-584,2.52305234,-3.499267738,-0.721022948
2021_103,주식회사에이치앤디이,56199,8,1,2,1,2020,22.19,-16.13,-1.28,-2.02,-0.42,-1.07,49.9,-1.48,144.7,118.46,18.74,15.54,1.42,1.2,1.88,1.25,142.9,12.43,18.51,-620.29,11337.19,170.42,969.08,-1.28,-1.07,1.2,-2.02,-1.07,1.2,1.499042638,492,3818,-4410,-25.77548222,-66.12011355,0.38982816
2021_104,주식회사엔타스시스템,56111,1,2,2,1,2020,-7.24,-20.69,0.25,0.56,0.42,0.31,113.05,0.37,170.55,150.6,42.58,41.39,23.32,0.81,1.81,1.26,122.35,44.27,672.85,510.4,17098.75,-320.3,1383.82,0.25,0.31,0.81,0.56,0.31,0.81,2.130503697,-117,-1637,-1764,325.1256472,237.8394161,1.366996491
2021_105,주식회사엘티알,56113,1,2,1,1,2020,3.91,-36.22,2.39,176.87,7.41,3.28,3902.89,1.97,3423.01,164.04,30.26,18.11,17.04,0.73,53.97,0.82,18.34,31.34,39.49,268.184,1551.23,277.68,492.45,2.39,3.28,0.73,176.87,3.28,0.73,40.02892745,390,-115,185,30.51129287,13.49018986,2.261739321
2021_106,주식회사엠에프지코리아,56123,4,2,1,1,2020,-3.88,-21.14,-5.22,-13.24,-4.72,-4.67,162.52,-4.03,210.83,137.81,47.19,43.49,10.25,1.12,2.84,1.36,74.37,36.69,198.22,-3243.756,12436.13,481.37,7749.6,-5.22,-4.67,1.12,-13.24,-4.67,1.12,2.625162969,-1177,-2140,1488,-9.292855926,-9.185875182,1.011646222
2021_107,주식회사제이알더블유,56123,4,2,1,2,2020,16.64,-19.84,-32.4,-162.29,-18.46,-18.38,2760.3,-17.08,2214.45,344.46,29.13,26.04,12.25,1.76,8.83,2.36,64.36,90.88,197.66,-4056.604,9223.62,202.55,1176.86,-32.4,-18.38,1.76,-162.29,-18.38,1.76,28.60298511,-835,-3067,4556,-4.112315037,-4.094595198,1.004327617
2021_108,주식회사죠스푸드,56194,8,1,2,1,2020,4.64,8.66,-0.01,-0.04,4.24,-0.01,578.69,1.02,626.32,103.62,70.55,70.55,30.7,0.6,4,0.66,0,11.8,14.08,90.084,1121.33,1019.85,1699.89,-0.01,-0.01,0.6,-0.04,-0.01,0.6,6.786850947,2306,-2673,1693,-3394.456155,7.247451085,-468.3655143
2021_109,주식회사즐거운세상,56300,11,1,2,1,2020,-1.74,-45.64,-3.87,-18.27,-14.52,-15.86,414.31,-2.15,482.24,151.66,16.33,14.98,8.86,0.24,1.15,0.27,40.19,11.8,12.89,-8760.557,16547.85,2764.95,4058.71,-3.87,-15.86,0.24,-18.27,-15.86,0.24,5.143066542,-1411,-7964,5733,-3.989909621,-4.357245776,0.915695333
2021_110,주식회사지앤푸드,56193,7,1,2,1,2020,61.17,27.41,10.43,22.83,8.38,4.49,152.49,49.63,202.15,178.54,36.15,33.16,16.43,2.32,5.08,2.88,149.64,23.17,39.95,16732.409,10424,-167.85,1275.42,10.43,4.49,2.32,22.83,4.49,2.32,2.524902573,27022,-15855,-2800,5.960734019,3.19586907,1.865137116
2021_111,주식회사카페베네,56221,10,1,1,1,2020,-16.28,-15.35,-1.44,0,-3.99,-1.69,0,-1.07,0,0,83.07,75.46,0.76,0.86,0,4.09,12.72,28.88,396.4,-2275.052,4665.33,773.99,1465.59,-1.44,-1.69,0.86,0,-1.69,0.86,-1.32803305,1746,-386,-2464,-21.87888573,-9.248766331,2.365600443
2021_112,주식회사커피베이,56229,10,1,1,1,2020,-15.41,-20.45,1.38,3.99,6.06,0.69,159.08,10.32,105.8,105.8,96.35,96.35,53.71,2.02,5.82,4.6,0,47.35,161.79,1192.657,2931.81,113.33,308.13,1.38,0.69,2.02,3.99,0.69,2.02,2.590759997,1052,-712,-930,58.5754599,6.633563586,8.830164835
2021_113,주식회사케이에프씨코리아,56192,6,1,1,2,2020,3.73,-5.89,-1.93,0,0.39,-1.44,0,0.26,0,0,21.49,17.99,1.63,1.34,0,1.52,70.64,58.58,314.96,-1507.383,52693,2281,29305,-1.93,-1.44,1.34,0,-1.44,1.34,-264.2148325,26076,-11341,-14227,-52.21844376,192.3734199,-0.271443133
2021_114,주식회사큐스키친,56123,4,1,2,1,2020,-18.46,-33.4,-8.31,-10.34,-8.23,-5.24,17.88,,64.22,64.22,300.18,289.31,77.12,1.59,1.97,3.29,97.39,95.83,467.51,-647.112,3316.77,-20.55,433.13,-8.31,-5.24,1.59,-10.34,-5.24,1.59,1.1787529,-604,-212,0,-19.09487052,-12.15634857,1.570773527
2021_115,주식회사키친보리에,56300,11,1,2,2,2020,7.23,-26.29,-5.02,-10.51,-9.28,-7.39,130.89,-5.1,179.62,135.65,52.06,50.35,0.55,0.68,1.42,0.88,83.38,27.58,99.24,-2639.877,8623.1,85.48,1281.57,-5.02,-7.39,0.68,-10.51,-7.39,0.68,2.308856194,-1815,-4434,6175,-7.872283776,-6.275644797,1.254418316
2021_116,주식회사타르틴코리아,56191,5,1,1,2,2020,9.52,11.32,-72.17,0,-37.8,-45.99,0,-5.27,0,0,13.54,12.65,3.44,1.57,0,1.8,169.37,35.78,52.76,-3098.155,2273.79,496.91,985.86,-72.17,-45.99,1.57,0,-45.99,1.57,-1.135533411,-1146,-838,2099,-0.900675149,-1.095771321,0.821955395
2021_117,주식회사티앤더블유코리아,56122,3,2,1,2,2020,-17.73,-37.67,-27.4,0,-35.09,-64.05,0,-3.02,0,0,15.27,13.5,7.52,0.43,0,0.52,19.43,15.32,36.88,-10988.062,5701.69,2708.12,5021.44,-27.4,-64.05,0.43,0,-64.05,0.43,-12.20447909,-10325,265,6173,-0.712490038,-1.300500078,0.547858512
2021_118,주식회사프랜푸드,56193,7,1,1,1,2020,-14.82,-20.07,-3.09,-11.11,-1.17,-2.37,250.79,-1.26,260.21,232.37,37.93,12.73,3.88,1.3,4.68,1.82,6.24,13.31,20.18,-491.548,1852.64,219.79,527.01,-3.09,-2.37,1.3,-11.11,-2.37,1.3,3.507882204,1930,674,-2364,-10.47014759,-21.22296297,0.49334052
2021_119,주식회사하누소,56113,1,1,1,1,2020,3.09,-10.26,0.56,2.29,5.48,1.23,311.63,1.02,347.08,233.16,24.56,20.15,0.47,0.45,1.86,0.54,16.82,18.47,23.47,100.756,2063.25,273.74,192.38,0.56,1.23,0.45,2.29,1.23,0.45,4.116256484,242,-616,397,42.71743104,9.610326946,4.444950862
2021_120,청오디피케이(주),56192,6,1,1,2,2020,5.57,14.09,9.69,15.08,7.1,8.87,70.79,41.47,120.63,114.63,76.51,70.86,41.91,1.09,1.7,1.47,70.97,33.39,64.74,16444.05,39780.9,113.22,4412.71,9.69,8.87,1.09,15.08,8.87,1.09,1.707855292,28890,9760,-24790,4.289472032,5.359361471,0.80036998
2021_121,커피스미스에프씨(주),56221,10,1,2,2,2020,-1.4,-25.48,-11.87,-77.77,-17.11,-19.64,964.67,-5.37,502.68,282.42,63.38,44.67,13.84,0.6,3.96,1.26,4.31,30.22,490.98,-1563.293,2652.11,203.66,482.03,-11.87,-19.64,0.6,-77.77,-19.64,0.6,10.64667279,-1169,-104,1169,-3.452906576,-3.962578872,0.871378637
2021_122,크리스탈제이드코리아주식회사,56121,2,1,1,2,2020,0,0,-32,-72.63,-6.57,-9.84,126.98,-7.77,145.08,92.52,116.72,111.19,57.22,3.25,7.38,5.09,189.92,38.71,126.29,-1291.981,3248.63,142.17,1805.01,-32,-9.84,3.25,-72.63,-9.84,3.25,2.269773793,1193,-1852,-37,-3.578845124,-5.364241601,0.667167027
2021_123,투썸플레이스주식회사,56221,10,1,1,2,2020,3.24,10.69,8.88,39.23,11.12,6.84,608.88,20.63,509.53,152.33,53.25,45.61,0.29,1.3,5.73,2,39.27,50.81,105.1,39606.382,66175.76,872.23,31532.14,8.88,6.84,1.3,39.23,6.84,1.3,7.088829495,48430,-44998,-76025,14.60931657,8.993846973,1.624367927
2021_124,하이디라오코리아(유),56121,2,1,1,2,2020,51.63,-38.17,-19.84,0,-25.55,-23.97,0,-9.64,0,0,23.96,21.07,19.24,0.83,0,1.14,22.39,44.66,76.26,-3941.285,7639.59,369.59,1717.18,-19.84,-23.97,0.83,0,-23.97,0.83,-3.429335754,-1943,-3885,8210,-3.240427682,-3.040027494,1.065920518
2021_125,한국파파존스(주),56192,6,1,1,2,2020,17.68,36.58,18.23,114.28,8.6,6.25,331.22,14.12,237.16,124.61,80.56,66.42,8.3,2.92,18.29,4.77,38.89,61.8,117.38,4246.972,5989.71,294.27,919.43,18.23,6.25,2.92,114.28,6.25,2.92,4.312217356,4515,-592,-3418,7.150945793,5.195549685,1.376359813
2021_126,한서외식산업(주),56111,1,2,2,1,2020,-5.08,-33.76,-3.88,-4.5,-23.23,-13.61,15.57,-2380.57,84.88,78.08,447.42,441.23,50.05,0.28,0.33,0.42,84.13,16.39,32.09,-1195.193,3713.88,-409.98,505.1,-3.88,-13.61,0.28,-4.5,-13.61,0.28,1.155739865,-1423,1188,0,-5.545155679,-3.247326332,1.707606539
2021_127,한우리외식산업주식회사,56111,1,2,2,1,2020,0.85,-23.16,-0.61,-0.74,-1.48,-1.02,22.43,,80.7,70.46,528.42,516.2,53.45,0.6,0.73,0.95,72.34,33.83,66.16,-136.148,6785.9,-99.25,662.81,-0.61,-1.02,0.6,-0.74,-1.02,0.6,1.224252663,376,-1604,738,-67.17359281,-46.46678735,1.445625933
2021_128,(주)디딤,56300,11,1,2,1,2020,-25.39,-33.85,-30.79,-148.94,-14.3,-38.18,1471.61,-3.91,1083.82,156.93,55.37,35.11,9.75,0.81,3.9,1.13,6.83,9.82,98.61,-12590.646,25742.56,2084.44,10012.99,-30.79,-38.18,0.81,-148.94,-38.18,0.81,15.71606692,-1609,-2580,-329,-1.221907275,-3.262353719,0.374547759
2021_129,(주)맘스터치앤컴퍼니,56192,6,1,1,1,2020,-8.13,-0.81,24.53,38.74,9.94,10.38,47.98,269.28,71.24,67.94,178,156.24,18.76,2.36,3.73,5.01,19.56,53.09,160.25,29211.65,15998.9,-848.45,4378.41,24.53,10.38,2.36,38.74,10.38,2.36,1.479829941,36355,5482,-46823,2.90492428,3.035657438,0.956934153
2021_130,(주)엠피그룹,56192,6,1,2,1,2020,8.24,-24.41,-19.86,-42.2,-15.81,-23.9,69.29,-7.68,91.85,79.6,143.69,139.01,100.28,0.83,1.77,1.29,47.26,8.6,76.13,-7459.098,11467.4,709.17,3245.94,-19.86,-23.9,0.83,-42.2,-23.9,0.83,1.692860989,-7167,1880,18939,-1.940158009,-2.933074468,0.661475878
2021_131,교촌에프앤비(주),56193,7,1,2,1,2020,51.9,18.03,10.3,15.92,6.56,3.89,42.04,63.46,103.18,93.88,120.95,101.6,54.69,2.65,4.1,3.42,76.4,28.77,63.31,31423.238,22738.99,-2695.33,4401.12,10.3,3.89,2.65,15.92,3.89,2.65,1.420356463,19718,-54304,44861,4.735879595,2.804663463,1.688573213