year,name,category,fran,nbran,gta,gts,roa,opr,nir,deratio,tat
2020,(유)아웃백스테이크하우스코리아,서양식,1,1,20.67,17.13,15.54,7.96,5.99,111.94,2.59
2016,(주)TS푸드앤시스템,피자/치킨업,1,1,26.87,1.77,-4.98,-1.89,-2.5,513.08,1.99
2017,(주)TS푸드앤시스템,피자/치킨업,1,1,-16.69,-13.61,-16.25,-7.46,-9.69,3111.31,1.68
2018,(주)TS푸드앤시스템,피자/치킨업,1,1,-26.96,-18.56,-27.15,-5.47,-15.64,0,1.74
2019,(주)TS푸드앤시스템,피자/치킨업,1,1,-13.1,-30.98,-27.98,-10.29,-18.42,0,1.52
2020,(주)TS푸드앤시스템,피자/치킨업,1,1,-80.22,-56.42,-101.06,-34.6,-85.03,0,1.19
2016,(주)거촌,중식/일식,2,1,-0.34,7.71,0.55,8.16,4.15,110.98,0.13
2017,(주)거촌,중식/일식,2,1,1.35,-0.62,0.79,10.56,6.01,110.3,0.13
2018,(주)거촌,중식/일식,2,1,0.38,7.4,0.81,12.32,5.77,107.56,0.14
2016,(주)공차코리아,주점 및 비알콜,1,1,57.37,-10.69,0.11,3.05,0.07,22.62,1.6
2017,(주)공차코리아,주점 및 비알콜,1,1,37.26,1.37,7.97,4.5,7.11,138.89,1.12
2018,(주)공차코리아,주점 및 비알콜,1,1,26.79,44.5,23.19,13.72,18.8,101.95,1.23
2019,(주)공차코리아,주점 및 비알콜,1,1,-9.84,65.4,42.36,18.44,22.07,43.1,1.92
2020,(주)공차코리아,주점 및 비알콜,1,1,14.29,-18.13,30.1,10.86,19.46,28,1.55
2016,(주)김家네,간이식,1,2,0.69,3.42,0.34,1.04,0.18,393.81,1.95
2017,(주)김家네,간이식,1,2,62.71,9,1.7,1.78,1.05,716.91,1.61
2018,(주)김家네,간이식,1,2,-25.2,-3.66,22.97,-12.52,16.04,140.25,1.43
2019,(주)김家네,간이식,1,2,-18.51,-0.84,-6.74,-2.65,-3.69,140.08,1.83
2020,(주)김家네,간이식,1,2,-0.67,4.17,0.77,0.53,0.36,134.17,2.13
2016,(주)놀부,한식,1,2,-6.42,0.61,0.03,3.71,0.03,82.71,1.01
2017,(주)놀부,한식,1,2,-8.05,-15.64,-6.19,-3.18,-6.77,88.93,0.91
2018,(주)놀부,한식,1,2,-26.78,-14.61,-23.9,-1.63,-25.41,129.15,0.94
2019,(주)놀부,한식,1,2,-14.93,-17.39,-10.51,0.16,-10.57,150.37,0.99
2020,(주)놀부,한식,1,2,-35.1,-25.93,-44.69,-7.71,-46.02,646.88,0.97
2020,(주)닥터로빈,서양식,1,1,-13.25,-15.87,-10.86,-6.56,-6.27,19.87,1.73
2016,(주)더본코리아,다업종업,1,2,0.53,41.18,27.09,11.3,11.01,62.38,2.46
2017,(주)더본코리아,다업종업,1,2,19.3,-0.45,7.66,7.36,3.44,71.16,2.23
2018,(주)더본코리아,다업종업,1,2,5.57,2.04,7.54,5.74,3.71,59.48,2.03
2019,(주)더본코리아,다업종업,1,2,21.49,-32.39,8,9.38,6.62,69.54,1.21
2020,(주)더본코리아,다업종업,1,2,20.69,12.17,6.23,6.3,5.56,77.72,1.12
2016,(주)동바오,중식/일식,2,1,-0.74,0.75,0.94,16.19,4.74,2875.22,0.2
2017,(주)동바오,중식/일식,2,1,-0.12,-1.18,0.84,15.91,4.25,2280.02,0.2
2018,(주)동바오,중식/일식,2,1,-2.53,-6.77,-0.3,8.46,-1.6,15104.11,0.19
2019,(주)동바오,중식/일식,2,1,-0.01,0.36,0.63,15.61,3.35,7639.64,0.19
2020,(주)동바오,중식/일식,2,1,2.68,-75.64,-5.84,-70.91,-128.31,0,0.05
2020,(주)디딤,다업종업,1,2,-25.39,-33.85,-30.79,-14.3,-38.18,1471.61,0.81
2020,(주)딘타이펑코리아,중식/일식,1,1,-22.65,-24.34,-17.4,-8.05,-7.82,0,2.22
2016,(주)리치빔,피자/치킨업,1,1,17.6,11.92,36.18,17.42,13.26,38.4,2.73
2017,(주)리치빔,피자/치킨업,1,1,20.46,7.56,37.73,18.34,15.32,33.69,2.46
2018,(주)리치빔,피자/치킨업,1,1,4.93,0.42,36.15,21.57,16.37,40.12,2.21
2019,(주)리치빔,피자/치킨업,1,1,37.17,0.02,33.43,22.34,18.38,22.4,1.82
2020,(주)리치빔,피자/치킨업,1,1,23.5,26.18,39.64,26.08,22.32,21.6,1.78
2020,(주)맘스터치앤컴퍼니,피자/치킨업,1,1,-8.13,-0.81,24.53,9.94,10.38,47.98,2.36
2016,(주)멕시카나,피자/치킨업,1,1,7.78,2.71,19.7,11.08,9.36,37.63,2.1
2017,(주)멕시카나,피자/치킨업,1,1,45.03,7.41,14.94,10.04,8.4,62.94,1.78
2018,(주)멕시카나,피자/치킨업,1,1,11.61,14.54,12.6,10.38,7.75,52.16,1.63
2019,(주)멕시카나,피자/치킨업,1,1,10.12,11.02,13.01,9.53,7.99,40.84,1.63
2020,(주)멕시카나,피자/치킨업,1,1,31.65,7.61,8.73,9.59,6.04,64.55,1.44
2019,(주)미셸푸드,한식,1,2,24.74,17.86,1.61,0.61,0.38,101.67,4.21
2020,(주)미셸푸드,한식,1,2,-12.05,-16.53,-9.95,-3.08,-2.96,118.59,3.37
2020,(주)밀탑,주점 및 비알콜,1,1,-33.33,-32.4,-19.44,-6.62,-10.39,0,1.87
2019,(주)바이킹그룹,서양식,2,2,2.99,15.25,9.94,4.3,3.6,153.38,2.76
2020,(주)바이킹그룹,서양식,2,2,-25.74,-37.39,-27.98,-7.25,-14.32,375.88,1.95
2016,(주)보나비,제과점업,2,1,22.02,13.31,-8.09,-3.73,-4.67,121.11,1.73
2017,(주)보나비,제과점업,2,1,9.9,11.77,-4.78,-2.11,-2.85,185.71,1.68
2018,(주)보나비,제과점업,2,1,-0.45,15.7,1.6,1.28,0.86,177.66,1.86
2019,(주)보나비,제과점업,2,1,95.56,14.7,-0.85,0.35,-0.59,499.44,1.45
2020,(주)보나비,제과점업,2,1,-7.36,-2.76,-13.32,-8.49,-12.08,2521.27,1.1
2017,(주)브레댄코,제과점업,1,1,,,-3.34,-0.78,-1.3,0,2.57
2018,(주)브레댄코,제과점업,1,1,-1.92,3.69,-0.81,-0.45,-0.3,0,2.69
2020,(주)브레댄코,제과점업,1,1,-15.57,-40.65,-1.45,-0.32,-0.67,0,2.18
2016,(주)삼양에프앤비,서양식,2,2,-18.65,-39.28,-47.52,-24.83,-35.81,0,1.33
2017,(주)삼양에프앤비,서양식,2,2,-41.09,-12.58,-60.69,-23.59,-37.3,0,1.63
2018,(주)삼양에프앤비,서양식,2,2,-16.13,-13.33,-35,-16.68,-16.91,0,2.07
2019,(주)삼양에프앤비,서양식,2,2,-20.31,-30.24,-32.86,-17.07,-18.66,0,1.76
2020,(주)삼양에프앤비,서양식,2,2,-49.05,-79.39,-22.18,-31.44,-40.9,0,0.54
2020,(주)삼원가든,한식,2,1,-15.94,-32.36,-21.18,-20.47,-21.1,0,1
2016,(주)새벽집,한식,2,1,-2.45,-4.85,0.2,5.15,0.58,152.5,0.34
2017,(주)새벽집,한식,2,1,-0.96,-4.21,0.35,5.63,1.07,147.89,0.33
2018,(주)새벽집,한식,2,1,3.27,3.78,0.47,5.86,1.4,152.99,0.34
2019,(주)새벽집,한식,2,1,0.31,0.24,0.11,10.6,0.33,153.08,0.33
2020,(주)새벽집,한식,2,1,-2.1,-16.5,-6.32,-6.67,-22.54,194.34,0.28
2019,(주)소우케이티지푸드,한식,2,1,-2.61,17.9,4.08,1.45,34.81,283.85,0.12
2020,(주)소우케이티지푸드,한식,2,1,-1.32,-7.08,-0.93,1.91,-8.36,292.67,0.11
2016,(주)송추가마골,한식,2,2,54.32,38.43,18.04,6.08,4.93,200.22,3.66
2017,(주)송추가마골,한식,2,2,64.25,29.4,17.85,7.85,6.04,188.72,2.95
2018,(주)송추가마골,한식,2,2,20.26,11.95,13.28,6.89,5.5,144.12,2.42
2019,(주)송추가마골,한식,2,2,6.99,11.33,12.47,6.27,5.24,99.91,2.38
2016,(주)신라명과,제과점업,1,2,-4.63,1.91,-1.46,-1.1,-0.96,100.19,1.52
2017,(주)신라명과,제과점업,1,2,1.48,7.8,-1.82,-1.16,-1.1,110.91,1.66
2018,(주)신라명과,제과점업,1,2,14.61,-4.78,-5.01,-3.08,-3.42,172.64,1.46
2019,(주)신라명과,제과점업,1,2,3.46,14.2,2.04,1.88,1.33,166.96,1.54
2020,(주)신라명과,제과점업,1,2,2.87,4.74,2.29,2.1,1.47,158.56,1.56
2019,(주)신정,한식,2,1,-12.04,-9.35,0.09,5.71,0.15,491420.59,0.56
2016,(주)신화아이푸드,다업종업,2,2,17.74,27.47,8.5,15.56,10.43,248.27,0.81
2017,(주)신화아이푸드,다업종업,2,2,5.47,28.47,11.54,16.41,12.25,159.95,0.94
2018,(주)신화아이푸드,다업종업,2,2,7.9,12.04,11.66,14.98,11.78,113.3,0.99
2019,(주)신화아이푸드,다업종업,2,2,4.82,6.65,8.29,10.34,8.35,89.32,0.99
2020,(주)신화아이푸드,다업종업,2,2,14.3,-18.27,5.01,7.66,6.78,96.42,0.74
2019,(주)쓰리에프글로벌,한식,2,1,3.03,36.09,2.2,8.86,6.03,47.44,0.37
2020,(주)쓰리에프글로벌,한식,2,1,10.01,-39.89,-0.35,-3.98,-1.7,63.08,0.21
2020,(주)안스베이커리,제과점업,2,1,-19.59,-16.91,-18.76,-6.57,-5.08,216.22,3.69
2016,(주)에스앤에스컴퍼니,다업종업,1,2,59.55,5.02,21.98,23.79,19.74,41.15,1.11
2017,(주)에스앤에스컴퍼니,다업종업,1,2,16.01,21.76,16.49,19.42,16.15,30.85,1.02
2018,(주)에스앤에스컴퍼니,다업종업,1,2,6.77,5.89,12.32,14.34,12.66,19.74,0.97
2019,(주)에스엠에프앤비디벨롭먼트,서양식,2,1,-31.28,-26.34,-59.19,-180.14,-248.28,0,0.24
2016,(주)에스엠엔터프라이즈,서양식,2,2,-12.86,-3.11,-8.74,-5.49,-5.75,359.01,1.52
2017,(주)에스엠엔터프라이즈,서양식,2,2,-1.33,1.34,2,1.33,1.2,315.11,1.67
2018,(주)에스엠엔터프라이즈,서양식,2,2,7.41,13.47,6.44,3.3,3.51,249.08,1.84
2019,(주)에스엠엔터프라이즈,서양식,2,2,1.88,-2.55,1.15,1.51,0.67,241.77,1.71
2020,(주)에스엠엔터프라이즈,서양식,2,2,-21.62,-46.62,-21.23,-17.86,-20.93,659.06,1.01
2020,(주)에스지(SG)다인힐,서양식,1,2,-3.32,29.31,-9.11,-1.58,-2.88,14545.84,3.16
2020,(주)에이치앤홀딩스,한식,2,1,23.08,291.8,-3.54,68.57,-8.62,958.87,0.41
2020,(주)에이티컴퍼니,한식,1,1,-30.82,-41.22,-43.69,-14.19,-28.78,69.21,1.52
2016,(주)엔타스,다업종업,2,2,-3.32,0.04,0.69,5.44,1.36,1226.74,0.51
2017,(주)엔타스,다업종업,2,2,-26.82,-3.95,6.51,2.62,11.26,460.15,0.58
2018,(주)엔타스,다업종업,2,2,1.03,13.38,-9.72,2.31,-12.59,631.63,0.77
2019,(주)엔타스,다업종업,2,2,-18.76,-4.23,-17.01,-2.01,-20.96,0,0.81
2020,(주)엔타스,다업종업,2,2,5.91,-18.27,-12.71,-1.79,-17.69,119.45,0.72
2016,(주)엔타스에스디,한식,2,2,-3.06,3.51,6.15,12.79,4.89,267.74,1.26
2017,(주)엔타스에스디,한식,2,2,-7.67,-4.51,11.11,12.73,8.77,143.77,1.27
2018,(주)엔타스에스디,한식,2,2,2.15,1.91,12.62,11.7,9.49,116.62,1.33
2019,(주)엔타스에스디,한식,2,2,-3.7,-0.26,6.23,8.34,4.66,70.46,1.34
2020,(주)엔타스에스디,한식,2,2,11.63,-18.26,10.75,12.81,10.21,60.8,1.05
2016,(주)엘브이아이파트너스,다업종업,2,2,-9.2,28.79,-26.19,-14.24,-16.66,3830.36,1.57
2017,(주)엘브이아이파트너스,다업종업,2,2,2.89,-4.28,-17.66,-9.64,-11.33,0,1.56
2018,(주)엘브이아이파트너스,다업종업,2,2,-16.22,-11.55,-60.85,-34.83,-41.14,0,1.48
2019,(주)엘브이아이파트너스,다업종업,2,2,-7.04,-0.98,-60.43,-32.55,-36.29,0,1.66
2016,(주)엘에프푸드,중식/일식,1,2,10.61,-14.32,-1.97,-6.42,-3.45,26.84,0.57
2017,(주)엘에프푸드,중식/일식,1,2,250.41,43.92,-1.93,0.5,-5.54,8.18,0.35
2018,(주)엘에프푸드,중식/일식,1,2,10.65,37.95,6.68,1.32,22.8,10.42,0.29
2019,(주)엘에프푸드,중식/일식,1,2,19.83,69.18,3.29,-1.16,7.65,27.39,0.43
2020,(주)엘에프푸드,중식/일식,1,2,7.46,68.37,-9.92,-12.48,-15.51,57.4,0.64
2016,(주)엠피그룹,피자/치킨업,1,1,-0.93,-12.03,-13.2,-9.18,-13.57,217.92,0.97
2017,(주)엠피그룹,피자/치킨업,1,1,-35.39,-16.01,-19.04,-13.48,-19.09,343.53,1
2018,(주)엠피그룹,피자/치킨업,1,1,,,0,0,0,0,0
2019,(주)엠피그룹,피자/치킨업,1,1,17.06,-5.81,-4.24,-0.31,-3.44,193.83,1.23
2020,(주)엠피그룹,피자/치킨업,1,2,8.24,-24.41,-19.86,-15.81,-23.9,69.29,0.83
2019,(주)오발탄에프에스,한식,1,1,7.53,5.57,7.62,14.74,9.21,118.79,0.83
2020,(주)오발탄에프에스,한식,1,1,2.54,-29.89,4.86,11.57,8.8,112.17,0.55
2016,(주)오투스페이스,중식/일식,1,2,,-5.07,14.41,4.47,8.06,27.69,1.79
2017,(주)오투스페이스,중식/일식,1,2,-2.79,-0.99,-1.24,-4.23,-0.69,26.1,1.8
2018,(주)오투스페이스,중식/일식,1,2,-7.06,-10.54,-6.83,-1.29,-4.05,27.83,1.69
2020,(주)월향,한식,1,1,-52.04,-76.22,-21.89,-90.29,-61.82,0,0.35
2016,(주)웰푸드시스템,간이식,2,2,,,-6.98,-1.4,-2.36,840.49,2.96
2017,(주)웰푸드시스템,간이식,2,2,-7.62,-17.26,-4.45,-3.92,-3.5,1354.25,1.27
2018,(주)웰푸드시스템,간이식,2,2,0.93,-17.72,0.89,1.17,0.82,1199.34,1.08
2016,(주)이디야,주점 및 비알콜,1,1,11.65,13.3,13.39,10.28,7.27,136.14,1.84
2017,(주)이디야,주점 및 비알콜,1,1,19.86,19.92,15.91,10.97,8.35,110.29,1.91
2018,(주)이디야,주점 및 비알콜,1,1,3.24,8.87,10.12,8.8,5.4,90.3,1.87
2019,(주)이디야,주점 및 비알콜,1,1,14.81,10.13,12.6,8.81,6.67,78.49,1.89
2020,(주)이디야,주점 및 비알콜,1,1,19.74,1.43,8,6.28,4.9,87.52,1.63
2019,(주)이랜드이츠,다업종업,1,2,0,0,0.94,2.69,0.39,84.21,2.39
2020,(주)이랜드이츠,다업종업,1,2,-40.84,-1.8,-42.68,-27.5,-28.91,216.75,1.48
2016,(주)이바돔,한식,1,2,15.92,0.87,3.78,3.1,2.69,210.35,1.4
2017,(주)이바돔,한식,1,2,8.58,-7.96,-1.3,0.33,-1.13,251.8,1.15
2018,(주)이바돔,한식,1,2,5.08,16.91,-10.25,-2.91,-8.11,486.63,1.26
2019,(주)이바돔,한식,1,2,-1.79,17.35,-9.71,2,-6.65,1223.29,1.46
2020,(주)이바돔,한식,1,2,-26.77,-42.46,-24.44,-19.17,-24.97,0,0.98
2016,(주)장충동왕족발,한식,1,1,5.92,18.3,2.94,3.97,3.2,157.45,0.92
2017,(주)장충동왕족발,한식,1,1,21.74,3.74,1.27,2.9,1.52,202.44,0.84
2018,(주)장충동왕족발,한식,1,1,8.73,-2.91,0.73,3.76,1.04,221.42,0.71
2019,(주)장충동왕족발,한식,1,1,-0.21,-3.65,-0.17,1.65,-0.26,222.53,0.66
2020,(주)장충동왕족발,한식,1,1,-4.42,19.77,6.39,10.67,7.95,156.57,0.8
2016,(주)재원푸드,제과점업,1,1,,,28.85,10.61,7.67,60.54,3.76
2017,(주)재원푸드,제과점업,1,1,29.24,37.31,16.79,9.91,7.45,46.01,2.25
2018,(주)재원푸드,제과점업,1,1,8.21,1.72,9.17,5.89,4.7,43.2,1.95
2019,(주)재원푸드,제과점업,1,1,9.25,6.11,7.11,3.35,3.73,45.71,1.91
2020,(주)재원푸드,제과점업,1,1,-13.07,-22.25,-4.68,-3.5,-3.08,46.18,1.52
2016,(주)전한,한식,2,1,-2.27,16.76,12.63,9.99,6.46,204.55,1.95
2017,(주)전한,한식,2,1,6.97,2.69,4.69,9.72,2.39,183.84,1.96
2018,(주)전한,한식,2,1,10.34,8.78,9.15,6.6,4.66,146,1.96
2019,(주)전한,한식,2,1,17.84,11.44,8.73,7.31,4.56,134.95,1.92
2020,(주)전한,한식,2,1,-5.61,-18.33,0.61,1.51,0.41,118.71,1.49
2019,(주)정정당당,한식,2,1,34.07,6.45,-6.53,-1.38,-2.88,288.84,2.27
2020,(주)정정당당,한식,2,1,-6.04,-16.03,-7.82,-4.79,-4.57,571.91,1.71
2016,(주)제너시스비비큐,피자/치킨업,1,2,-19.89,1.8,6.77,8.7,2.56,308.19,2.64
2017,(주)제너시스비비큐,피자/치킨업,1,2,10.78,7.08,21.52,8.69,7.12,137.66,3.02
2018,(주)제너시스비비큐,피자/치킨업,1,2,3.31,-2.24,15.28,7.93,5.53,91.21,2.76
2019,(주)제너시스비비큐,피자/치킨업,1,2,28.39,5.97,14.57,10.63,5.77,90.73,2.52
2020,(주)제너시스비비큐,피자/치킨업,1,2,55.03,31.26,3.7,16.58,1.6,171.21,2.31
2016,(주)젠푸드,중식/일식,1,1,0.04,19.68,8.49,6.62,5.14,130.57,1.65
2017,(주)젠푸드,중식/일식,1,1,5.73,-11.52,6.76,6.54,4.76,110.35,1.42
2018,(주)젠푸드,중식/일식,1,1,-1.42,10.42,8.4,6.66,5.46,76.72,1.54
2019,(주)젠푸드,중식/일식,1,1,16.81,-2.92,6.03,5.32,4.35,84.4,1.39
2020,(주)젠푸드,중식/일식,1,1,10.29,-4.49,5.49,4.63,4.69,83.66,1.17
2016,(주)준코,주점 및 비알콜,1,1,273.67,376.31,-0.56,2.04,-0.44,424.58,1.27
2017,(주)준코,주점 및 비알콜,1,1,10.66,81.96,-14.16,-5.18,-10.21,681.2,1.39
2018,(주)준코,주점 및 비알콜,1,1,-17.08,-0.38,-8.97,-1.13,-6.24,1726.6,1.44
2019,(주)준코,주점 및 비알콜,1,1,-20.3,6.06,-3.65,1.94,-1.95,1845.75,1.87
2020,(주)준코,주점 및 비알콜,1,1,-33.52,-39.41,-34.31,-18.63,-22.34,0,1.54
2016,(주)차우,한식,2,2,-26.86,-8.72,0.65,-11.08,5.94,1.3,0.11
2017,(주)차우,한식,2,2,32.08,-22.55,-1.93,-0.68,-22.2,0.5,0.09
2018,(주)차우,한식,2,2,4.13,-28.66,-1.69,-5.55,-31.74,72.66,0.05
2019,(주)차우,한식,2,2,2.4,-3.89,-1.95,-12.39,-39.22,114.52,0.05
2020,(주)차우,한식,2,2,1.51,-60.3,22.35,-103.5,1156.22,6.56,0.02
2016,(주)채선당,한식,1,2,5.53,-4.08,1.98,1.22,0.61,98.06,3.24
2017,(주)채선당,한식,1,2,-0.2,-17.2,7.32,4.24,2.8,72.65,2.62
2018,(주)채선당,한식,1,2,-2.71,1.32,4.85,2.58,1.8,57.06,2.69
2019,(주)채선당,한식,1,2,6.73,-9.8,3.91,2.12,1.64,65.26,2.38
2020,(주)채선당,한식,1,2,-14.04,-31.17,-5.64,-4.09,-3.3,55.54,1.71
2016,(주)캘리스코,중식/일식,1,1,38.81,19.67,4.22,2.04,1.83,117.98,2.31
2017,(주)캘리스코,중식/일식,1,1,10.37,23.17,2.65,1.26,1.14,132.56,2.33
2018,(주)캘리스코,중식/일식,1,1,-2.19,14.08,-0.18,0.37,-0.07,133.14,2.56
2019,(주)캘리스코,중식/일식,1,1,42.18,-3.23,0.71,1.55,0.35,241.12,2.07
2020,(주)캘리스코,중식/일식,1,1,-14.85,-25.21,-23.3,-13.81,-16.38,1498.34,1.42
2016,(주)커피빈코리아,주점 및 비알콜,2,1,3.4,5.1,2.77,4.39,2.93,171.88,0.95
2017,(주)커피빈코리아,주점 및 비알콜,2,1,4.01,7.97,2.69,3.9,2.73,163.17,0.98
2018,(주)커피빈코리아,주점 및 비알콜,2,1,-11.26,5.69,9.57,3.9,8.85,91.69,1.08
2019,(주)커피빈코리아,주점 및 비알콜,2,1,9.46,-0.98,-0.12,0.09,-0.11,113.73,1.09
2020,(주)커피빈코리아,주점 및 비알콜,2,1,-6.23,-23.09,-11.36,-14.45,-13.75,162.05,0.83
2016,(주)탐앤탐스,주점 및 비알콜,1,1,12.22,-2.09,-4.17,2.72,-3.11,262.48,1.34
2017,(주)탐앤탐스,주점 및 비알콜,1,1,2.23,-5.2,6.65,5,5.59,197.92,1.19
2018,(주)탐앤탐스,주점 및 비알콜,1,1,72.88,-10.15,3.84,3.41,4.96,190.84,0.78
2019,(주)탐앤탐스,주점 및 비알콜,1,1,-6.87,-7.64,-4.38,2.49,-7.48,207.83,0.59
2020,(주)탐앤탐스,주점 및 비알콜,1,1,-44.37,-20.23,-7.5,-5.64,-12.06,108.03,0.62
2017,(주)태범,주점 및 비알콜,1,1,,,0.4,25.25,3.07,1611.86,0.13
2018,(주)태범,주점 및 비알콜,1,1,18.43,34.99,-0.95,32.31,-11.83,2365.28,0.08
2019,(주)태범,주점 및 비알콜,1,1,-4.45,14.2,-12.63,35.45,-145.98,0,0.09
2020,(주)태범,제과점업,1,1,-18.21,-3.48,-16.21,34.02,-172.5,0,0.09
2020,(주)태성골뱅이,한식,1,1,20.15,-96.68,-3.74,-3455.26,-3770.26,0,0
2016,(주)파리크라상,제과점업,1,2,7.35,2.86,4.72,3.74,3.1,80.18,1.52
2017,(주)파리크라상,제과점업,1,2,8.37,-0.16,2.59,2.45,1.84,91.69,1.41
2018,(주)파리크라상,제과점업,1,2,13.18,0.19,0.36,3.14,0.28,101.43,1.27
2019,(주)파리크라상,제과점업,1,2,8.69,3.23,0.42,4.15,0.35,118.16,1.19
2020,(주)파리크라상,제과점업,1,2,-2.04,-3.52,-5.83,1.96,-5.25,148.12,1.11
2016,(주)페리카나,피자/치킨업,1,1,7.86,10.37,12.15,4.32,3.67,45.9,3.31
2017,(주)페리카나,피자/치킨업,1,1,48.68,1.7,9.16,4.27,3.51,86.02,2.61
2018,(주)페리카나,피자/치킨업,1,1,-3.49,4.51,11.16,6.2,4.81,49.12,2.32
2019,(주)페리카나,피자/치킨업,1,1,3.81,-2.55,0.67,0.95,0.3,53.25,2.26
2020,(주)페리카나,피자/치킨업,1,1,8.18,-0.95,6.11,4.26,2.89,51.06,2.11
2017,(주)평가옥푸드시스템,한식,1,1,,,1.67,6.35,1.69,1108.9,0.99
2018,(주)평가옥푸드시스템,한식,1,1,26.89,15.89,3.04,13.74,6.03,983.14,0.5
2019,(주)평가옥푸드시스템,한식,1,1,-2.82,6.53,1.12,6.52,2.31,839.89,0.49
2020,(주)평가옥푸드시스템,한식,1,1,-3.75,-22.96,-2.1,-1.94,-5.43,1022.16,0.39
2016,(주)푸드죤,피자/치킨업,1,1,,,40.59,37.91,32.49,68.85,1.25
2017,(주)푸드죤,피자/치킨업,1,1,11.81,7.95,16.52,32.45,25.96,49.43,0.64
2018,(주)푸드죤,피자/치킨업,1,1,-2.03,-6.77,7.67,16.68,13.5,31.49,0.57
2019,(주)푸드죤,피자/치킨업,1,1,-25.63,-1.97,8.81,11.58,13.66,75.16,0.65
2016,(주)풀무원푸드앤컬처,다업종업,1,2,34.26,12.39,1.89,0.78,0.51,142.09,3.68
2017,(주)풀무원푸드앤컬처,다업종업,1,2,6.53,29.86,4.94,1.48,1.22,124.96,4.04
2018,(주)풀무원푸드앤컬처,다업종업,1,2,0.04,5.88,4.21,1.23,1.02,97.44,4.15
2019,(주)풀무원푸드앤컬처,다업종업,1,2,124.03,-1.41,-0.86,0.86,-0.34,397.71,2.52
2020,(주)풀무원푸드앤컬처,다업종업,1,2,-3.11,-26.27,-12.78,-7.45,-9.36,982.72,1.37
2016,(주)피에스타,한식,2,1,60.58,2.31,-19.41,-34.81,-46.86,0,0.41
2017,(주)피에스타,한식,2,1,-6.76,48.7,-10.37,-9.22,-20.05,0,0.52
2018,(주)피에스타,한식,2,1,-19.78,7.37,58.25,-9.11,91.21,92.12,0.64
2019,(주)피에스타,한식,2,1,-25.87,-48.08,-9.85,1.01,-23.02,70.51,0.43
2016,(주)하남에프앤비,한식,1,1,,,43.5,16.67,11.96,174.39,3.64
2017,(주)하남에프앤비,한식,1,1,18.85,-5.49,7.38,9.53,4.7,166.95,1.57
2018,(주)하남에프앤비,한식,1,1,-15.82,-4.11,19.72,6.05,13.1,111.28,1.51
2019,(주)하남에프앤비,한식,1,1,-22.75,-17.04,13.1,8.41,8.5,32.75,1.54
2020,(주)하남에프앤비,한식,1,1,77.88,-25.37,-1.03,0.65,-1.09,140.7,0.95
2016,(주)한국일오삼,피자/치킨업,1,2,12.27,11.76,18.05,12.55,10.62,55.22,1.7
2017,(주)한국일오삼,피자/치킨업,1,2,65.99,12.52,15.88,12.57,11.68,57.26,1.36
2018,(주)한국일오삼,피자/치킨업,1,2,8.16,27.5,8.36,11.74,6.26,78.8,1.33
2019,(주)한국일오삼,피자/치킨업,1,2,2.2,14.46,14.2,15.66,9.76,46.3,1.45
2020,(주)한국일오삼,피자/치킨업,1,2,39.75,13.28,11.82,16.68,8.69,40.3,1.36
2016,(주)한솥,한식,1,1,6.07,8.69,16.44,8.07,6.35,32.92,2.59
2017,(주)한솥,한식,1,1,17.59,-2.37,15.66,7.42,6.94,81.63,2.26
2018,(주)한솥,한식,1,1,-6.41,3.94,16.3,8.59,7.27,34.19,2.24
2019,(주)한솥,한식,1,1,17.97,0.18,17.79,9.46,8.35,29.87,2.13
2020,(주)한솥,한식,1,1,17.91,4.83,13.68,9.37,7.22,32.05,1.89
2020,(주)한일관,한식,1,1,-5.04,-28.82,0.38,0.93,0.14,413.03,2.61
2020,(주)한화비앤비,주점 및 비알콜,1,1,-43,-45.17,-25.38,-34.43,-39.35,64.01,0.64
2016,(주)할리스에프앤비,주점 및 비알콜,1,2,16.36,18.45,9.32,9.9,7.08,39.94,1.32
2017,(주)할리스에프앤비,주점 및 비알콜,1,2,-3.82,9.52,12.1,10.91,8.86,51.58,1.37
2018,(주)할리스에프앤비,주점 및 비알콜,1,2,7.8,9.96,11.42,10.53,7.75,38.5,1.47
2019,(주)할리스에프앤비,주점 및 비알콜,1,2,75.54,6.48,6,9.38,5.46,121.91,1.1
2020,(주)할리스에프앤비,주점 및 비알콜,1,2,-19.4,-14.76,-0.69,2.61,-0.85,120.13,0.81
2016,(주)핫시즈너,간이식,1,1,17.23,-5.08,17.53,10.16,7.44,33.36,2.36
2017,(주)핫시즈너,간이식,1,1,13.43,15.36,14,9.86,5.94,38.57,2.36
2018,(주)핫시즈너,간이식,1,1,58.85,23.29,18.41,12.18,8.71,68.62,2.11
2019,(주)핫시즈너,간이식,1,1,36.79,-0.84,9.33,9.65,6.47,95.95,1.44
2020,(주)핫시즈너,간이식,1,1,6.49,-3.47,-0.53,0.24,-0.46,110.94,1.17
2016,(주)혜인식품,다업종업,1,2,18.15,-7.02,20.32,35.13,28.52,11.23,0.71
2017,(주)혜인식품,다업종업,1,2,13.36,-2.16,15.51,23.34,25.71,6.47,0.6
2018,(주)혜인식품,다업종업,1,2,11.99,3.12,12.96,24.75,23.48,7.64,0.55
2019,(주)혜인식품,다업종업,1,2,11.02,-8.95,9.81,24.46,21.74,7.19,0.45
2020,(주)혜인식품,다업종업,1,2,10.48,5.7,9.03,26.46,20.97,7.7,0.43
2020,(주)후니에프앤비,한식,1,1,-1.62,-24.5,3.87,2.03,2.21,32.65,1.75
2016,CJ푸드빌주식회사,다업종업,1,2,-0.46,3.66,0.93,0.61,0.42,437.11,2.23
2017,CJ푸드빌주식회사,다업종업,1,2,12.64,0.68,-6.76,1.51,-3.2,987.49,2.12
2018,CJ푸드빌주식회사,다업종업,1,2,-9.45,-21.91,-1.5,-4.49,-0.91,1120.61,1.64
2019,CJ푸드빌주식회사,다업종업,1,2,8.47,-17.19,5.44,-0.8,3.97,675.58,1.37
2020,CJ푸드빌주식회사,다업종업,1,2,-16.19,-31.28,6.53,-8.66,6.64,686.16,0.98
2016,갓파크리에이트코리아주식회사,한식,2,1,-9.32,16.62,19.2,11.73,10.47,0,1.83
2017,갓파크리에이트코리아주식회사,한식,2,1,0.78,3.74,14.45,8.87,7.25,1094.07,1.99
2018,갓파크리에이트코리아주식회사,한식,2,1,11.12,4.45,5.14,3.28,2.61,705.43,1.96
2019,갓파크리에이트코리아주식회사,한식,2,1,-6.23,-5.16,-8.69,-3.24,-4.76,2246.26,1.83
2020,갓파크리에이트코리아주식회사,한식,2,1,-6.19,-17.6,-9.01,-3.78,-5.61,0,1.61
2016,교촌에프앤비(주),피자/치킨업,1,2,5.88,13.03,18.04,6.08,3.55,136.48,5.08
2017,교촌에프앤비(주),피자/치킨업,1,2,7.7,9.52,5.84,6.4,1.12,125.72,5.21
2018,교촌에프앤비(주),피자/치킨업,1,2,49.93,3.65,14.47,5.99,3.47,69.84,4.17
2019,교촌에프앤비(주),피자/치킨업,1,2,37.18,11.73,18.66,8.64,5.7,78.38,3.27
2020,교촌에프앤비(주),피자/치킨업,1,2,51.9,18.03,10.3,6.56,3.89,42.04,2.65
2020,꿈꾸는이상(주),한식,1,2,81.23,-22.38,1.31,5.94,2.26,406.2,0.58
2017,더부쓰,주점 및 비알콜,1,1,,,-103.05,-5.68,-75.97,412.58,1.36
2018,더부쓰,주점 및 비알콜,1,1,-22.19,11.11,-52,-5.33,-61.35,0,0.85
2019,뚜쥬루개발(주),제과점업,2,1,25.73,35.52,1.28,3.1,2.17,383.76,0.59
2020,뚜쥬루개발(주),제과점업,2,1,1.82,16.46,5.68,9.98,9.28,285.69,0.61
2016,로쏘주식회사,제과점업,2,2,32.32,-0.16,25.12,23.49,18.98,20.91,1.32
2017,로쏘주식회사,제과점업,2,2,14.12,4.16,15.87,17.93,14.04,22.52,1.13
2018,로쏘주식회사,제과점업,2,2,20.92,25.63,18.35,17.99,15.21,27.68,1.21
2019,로쏘주식회사,제과점업,2,2,9.44,-0.14,17.6,20.15,16.75,17.95,1.05
2020,로쏘주식회사,제과점업,2,2,-0.87,-8.07,4.2,12.67,4.53,12.67,0.93
2016,롯데지알에스주식회사,다업종업,1,2,18.92,-1.17,-1.08,2.03,-1.19,105.28,0.9
2017,롯데지알에스주식회사,다업종업,1,2,-1.44,-4.41,-2.75,0.35,-3.44,94.71,0.8
2018,롯데지알에스주식회사,다업종업,1,2,-35.14,-8.38,-3.5,0.79,-3.91,194.91,0.9
2019,롯데지알에스주식회사,다업종업,1,2,11.97,1.06,0.88,2.54,0.81,220.81,1.09
2020,롯데지알에스주식회사,다업종업,1,2,2.39,-18.67,-4.04,-2.85,-4.9,276.22,0.83
2016,리치푸드(주),주점 및 비알콜,1,2,-8.5,-28.02,0.32,2.55,0.28,21.54,1.15
2017,리치푸드(주),주점 및 비알콜,1,2,-0.48,-3.12,2.3,4.43,1.96,21.7,1.17
2018,리치푸드(주),주점 및 비알콜,1,2,-1.57,-6.43,0.7,1.75,0.63,18.79,1.11
2019,리치푸드(주),주점 및 비알콜,1,2,48.2,-29.27,32.93,1.16,51.69,19.61,0.64
2020,리치푸드(주),주점 및 비알콜,1,2,-7.5,-32.73,0.87,-1.34,2.34,9.54,0.37
2016,버자야에이치알카페코리아주식회사,서양식,2,1,44.49,509.75,-39.85,-42.3,-54.24,0,0.73
2017,버자야에이치알카페코리아주식회사,서양식,2,1,-15.86,21.64,-30.69,-35.41,-37.37,190.23,0.82
2018,버자야에이치알카페코리아주식회사,서양식,2,1,-27.02,-23.48,-42.62,-55.81,-53.6,0,0.8
2019,버자야에이치알카페코리아주식회사,서양식,2,1,4.35,-84.67,-63.95,-230.87,-452.28,0,0.14
2016,본아이에프주식회사,한식,1,2,21.3,12.99,13.51,5.96,4.04,73.59,3.34
2017,본아이에프주식회사,한식,1,2,0.73,6.71,10.67,4.93,3.29,67.65,3.24
2018,본아이에프주식회사,한식,1,2,88.43,19.8,3.01,3.41,1.12,194.44,2.69
2019,본아이에프주식회사,한식,1,2,-0.51,2.77,-2.21,0.16,-1.04,213.26,2.12
2020,본아이에프주식회사,한식,1,2,-8.21,-8.26,0.69,2.37,0.34,395.85,2.03
2016,본촌인터내셔날(주),피자/치킨업,2,1,13.39,62.66,28.69,47.46,39.72,161.86,0.72
2017,본촌인터내셔날(주),피자/치킨업,2,1,22.49,16.17,28.03,51.02,39.49,78.67,0.71
2018,본촌인터내셔날(주),피자/치킨업,2,1,201.94,15.36,18.4,54.97,49.74,23.07,0.37
2019,본촌인터내셔날(주),피자/치킨업,2,1,5.16,13.01,9.28,60.07,34.22,17.97,0.27
2020,본촌인터내셔날(주),피자/치킨업,2,1,7.06,3.63,11.83,64.6,44.65,14.5,0.26
2020,본푸드서비스주식회사,한식,1,2,-20.64,-14.05,-26.89,-5.5,-7.61,214.84,3.53
2016,비알코리아(주),주점 및 비알콜,1,2,4.82,-2.24,7.77,7.96,7.03,19.93,1.11
2017,비알코리아(주),주점 및 비알콜,1,2,5.96,2.85,6.94,7.34,6.44,20,1.08
2018,비알코리아(주),주점 및 비알콜,1,2,7.65,7.09,7.05,8.06,6.52,21.44,1.08
2019,비알코리아(주),주점 및 비알콜,1,2,9.25,11.51,8.96,9.32,8.06,21.7,1.11
2020,비알코리아(주),주점 및 비알콜,1,2,9.21,4.43,8.63,9.94,8.12,23.78,1.06
2016,사과나무주식회사,주점 및 비알콜,1,1,18.72,-18.36,2.21,3.43,1.33,353.64,1.67
2017,사과나무주식회사,주점 및 비알콜,1,1,-3.21,14.72,3.71,5.02,2.07,276.71,1.79
2018,사과나무주식회사,주점 및 비알콜,1,1,5.41,20.26,4.71,11.04,2.21,235.89,2.13
2019,상진공영주식회사,중식/일식,2,1,2.35,50.34,2.19,-82,103.86,293.42,0.02
2020,서윤푸드,한식,2,1,-66.24,-20.09,-23.73,-2.37,-4.3,0,5.52
2016,석파랑,한식,2,1,-1.23,41.23,-3.47,-2.74,-12.56,1275.13,0.28
2017,석파랑,한식,2,1,-2.37,-4.15,-3.03,-1.32,-11.23,1787.55,0.27
2018,석파랑,한식,2,1,-2.24,8.15,-1.3,5.22,-4.37,969.11,0.3
2019,석파랑,한식,2,1,-1.18,-2.8,-0.49,8.62,-1.65,982.25,0.3
2016,세한주식회사,서양식,2,1,-0.54,729.4,-7.98,-30.7,-30.03,5.86,0.27
2017,세한주식회사,서양식,2,1,18.44,25.84,-8.04,-25.64,-26.18,38.23,0.31
2018,세한주식회사,서양식,2,1,43.05,6.83,-14.97,-60.43,-60.15,164.16,0.25
2019,세한주식회사,서양식,2,1,2.46,-0.25,-12.35,-56.83,-59.28,304.08,0.21
2020,세한주식회사,서양식,2,1,-12.78,-26.57,-15.34,-88.06,-95.03,739.82,0.16
2016,스무디킹코리아(주),주점 및 비알콜,1,1,-13.75,1405.69,-3.71,-4.02,-2.43,50.77,1.53
2017,스무디킹코리아(주),주점 및 비알콜,1,1,3.14,0.13,0.17,-1.1,0.11,54.16,1.63
2018,스무디킹코리아(주),주점 및 비알콜,1,1,-3.7,-16.25,-2.36,-2.75,-1.73,58.39,1.37
2019,스무디킹코리아(주),주점 및 비알콜,1,1,10.66,-10.63,-12.34,-7.92,-10.44,116.56,1.18
2020,스무디킹코리아(주),주점 및 비알콜,1,1,-20.12,-17.44,-24.24,-17.68,-23.47,221.23,1.03
2016,씨디엔에이,한식,1,1,-0.29,6.32,1.52,3.23,1.05,753.21,1.46
2017,씨디엔에이,한식,1,1,8.86,0.7,0.09,3.77,0.06,821.61,1.41
2018,씨디엔에이,한식,1,1,-8.74,9.96,-14.72,-7.38,-9.5,0,1.55
2019,씨디엔에이,한식,1,1,-24.12,-10.98,-66.64,-9.58,-40.51,0,1.64
2020,씨디엔에이,한식,1,1,-27.87,-51.49,-34.22,-42.26,-31.85,0,1.07
2016,아모제푸드(주),다업종업,2,2,-10.08,-10.7,-4.72,-0.89,-3.73,143.43,1.27
2017,아모제푸드(주),다업종업,2,2,-26.84,5.83,7.39,2.68,4.51,203.58,1.64
2018,아모제푸드(주),다업종업,2,2,-9.31,5.52,5.66,3.93,2.64,136.38,2.14
2019,아모제푸드(주),다업종업,2,2,1.92,-10.23,0.94,1.05,0.47,135.71,2
2020,아모제푸드(주),다업종업,2,2,-3.23,-71.96,-19.23,-31.55,-33.99,316.95,0.57
2016,에렉스에프앤비주식회사,다업종업,2,2,21.39,2.77,-7.81,-0.63,-3.5,470.29,2.23
2017,에렉스에프앤비주식회사,다업종업,2,2,6.47,10.68,0.59,1.02,0.27,486.9,2.18
2018,에렉스에프앤비주식회사,다업종업,2,2,-10.96,-6.08,-2.87,0.55,-1.36,521.48,2.1
2019,에렉스에프앤비주식회사,다업종업,2,2,4.6,4.04,1.96,1.94,0.86,478.1,2.27
2020,에렉스에프앤비주식회사,다업종업,2,2,-26.18,-28.93,-31.78,-13.74,-17.49,0,1.82
2016,에스플러스인터내셔널,서양식,2,2,68.52,28.78,-10.86,-44.28,-50.21,53.01,0.22
2017,에스플러스인터내셔널,서양식,2,2,-14.39,12.09,-1.97,-41.02,-9.45,33.77,0.21
2018,에스플러스인터내셔널,서양식,2,2,-5.91,-2.37,-7.71,-32.26,-34,40.07,0.23
2019,에스플러스인터내셔널,서양식,2,2,-6.59,-23.42,-4.94,-20.87,-26.67,40.4,0.19
2016,엠즈씨드주식회사,주점 및 비알콜,2,1,2.87,34.91,-2.52,0.48,-1.61,153.49,1.57
2017,엠즈씨드주식회사,주점 및 비알콜,2,1,5.34,15.79,2.15,2.98,1.24,154.68,1.74
2018,엠즈씨드주식회사,주점 및 비알콜,2,1,20.21,23.99,-2.9,-1.38,-1.52,116.1,1.91
2019,엠즈씨드주식회사,주점 및 비알콜,2,1,51.09,4.46,0.58,5.05,0.4,225.19,1.46
2020,엠즈씨드주식회사,주점 및 비알콜,2,1,-5.92,-17.05,-0.12,1.04,-0.11,206.86,1.03
2016,원앤원(주),한식,1,2,31.39,-1.76,2.18,2.53,1.39,72.88,1.56
2017,원앤원(주),한식,1,2,-1.26,-0.78,1.25,1.19,0.91,67.12,1.37
2018,원앤원(주),한식,1,2,1.42,-7.25,5.13,0.06,4.03,56.03,1.27
2019,원앤원(주),한식,1,2,1.71,-4.29,2.29,2.43,1.91,53.18,1.2
2020,원앤원(주),한식,1,2,2.27,13.43,3.45,3.79,2.58,56.89,1.33
2017,주식회사갓텐코리아,중식/일식,1,1,,,0.77,-1.4,0.15,0,5.11
2018,주식회사갓텐코리아,중식/일식,1,1,17.23,33.63,0.55,1.56,0.18,0,3.14
2019,주식회사갓텐코리아,중식/일식,1,1,-3.14,11.64,-7.97,-0.4,-2.41,0,3.3
2020,주식회사갓텐코리아,중식/일식,1,1,-11.71,0.47,-9.52,-3.37,-2.66,0,3.58
2017,주식회사고품질,한식,2,1,,,1,19.06,14.99,23.63,0.07
2018,주식회사고품질,한식,2,1,0.01,933.93,5.12,19.49,14.91,16.28,0.34
2019,주식회사고품질,한식,2,1,49.55,14.84,1.49,6.09,4.71,70.22,0.32
2020,주식회사고품질,한식,2,1,-4.2,-0.04,-4.53,11.51,-16.83,76.39,0.27
2019,주식회사김덕규과자점,제과점업,2,1,-0.28,4.31,1.42,12.03,5.13,1495.14,0.28
2020,주식회사남문,한식,2,1,-8.19,-45.94,0.38,-1.4,0.67,63.04,0.57
2016,주식회사다도글로벌,주점 및 비알콜,1,1,5.62,-33.02,-10.51,-5.21,-8.99,3639.08,1.17
2017,주식회사다도글로벌,주점 및 비알콜,1,1,-3.27,1.73,-0.6,2.22,-0.51,4548.36,1.18
2018,주식회사다도글로벌,주점 및 비알콜,1,1,-20.9,-20.93,-16.9,-7.15,-15.98,0,1.06
2019,주식회사다도글로벌,주점 및 비알콜,1,1,-5.57,-0.99,-2.19,2.03,-1.79,0,1.22
2020,주식회사다도글로벌,주점 및 비알콜,1,1,-46.76,-22.73,10.38,-15.04,8.2,0,1.27
2016,주식회사덕용푸드시스템,한식,2,2,13.65,6.11,6.19,8.7,5.66,80.81,1.09
2017,주식회사덕용푸드시스템,한식,2,2,-10.45,2.74,8.26,9.67,7.41,41.84,1.11
2018,주식회사덕용푸드시스템,한식,2,2,11.88,1.49,8.83,9.52,7.81,39.98,1.13
2019,주식회사덕용푸드시스템,한식,2,2,14.26,5.91,4.76,8.93,4.5,49.75,1.06
2020,주식회사덕용푸드시스템,한식,2,2,7.98,-21.21,8.8,5.81,11.71,41.93,0.75
2020,주식회사도레도레,주점 및 비알콜,1,2,-15.26,-30.27,-16.17,-10,-13.12,164.14,1.23
2016,주식회사디딤,한식,1,2,,,17.86,8.41,5.91,242.14,3.02
2017,주식회사디딤,한식,1,2,,,4.49,3.68,2.44,70.17,1.22
2018,주식회사디딤,한식,1,2,17.44,41.77,5.74,5.13,3.6,85.23,1.59
2019,주식회사디딤,한식,1,2,75.5,26.63,2.56,3.74,1.89,218.97,1.36
2019,주식회사뚝심,한식,1,1,27.62,5.46,-6.26,3.01,-4.97,1219.44,1.26
2020,주식회사뚝심,한식,1,1,-7.17,-17.97,-16.95,-8.06,-17.74,103.75,0.96
2020,주식회사명동교자,한식,1,1,0.4,130.24,-0.58,-1.14,-3.32,44.55,0.17
2019,주식회사바나플에프엔비,주점 및 비알콜,1,1,86.76,559.06,-30.54,-27.89,-30.65,0,1
2020,주식회사바나플에프엔비,주점 및 비알콜,1,1,-4.28,45.14,-35.08,-27.57,-30.92,0,1.13
2020,주식회사베리,서양식,2,1,-0.53,-53.42,0.12,7.04,0.97,269.5,0.12
2016,주식회사부자되세요,한식,2,1,38.26,31.22,23.03,24.03,18.32,116.52,1.26
2017,주식회사부자되세요,한식,2,1,5.08,12.35,15.69,20.33,13.22,69.5,1.19
2018,주식회사부자되세요,한식,2,1,8.75,29.63,18.68,16.98,12.99,38.56,1.44
2019,주식회사부자되세요,한식,2,1,47.12,18.35,21.19,19.17,16.03,95.58,1.32
2020,주식회사부자되세요,한식,2,1,18.9,-0.73,9.19,11.98,9.13,94.3,1.01
2018,주식회사비에이치씨,피자/치킨업,1,1,,,23.7,25.55,19.4,202.36,1.22
2019,주식회사비에이치씨,피자/치킨업,1,1,2.1,34.1,20.7,30.68,12.77,258.96,1.62
2020,주식회사비에이치씨,피자/치킨업,1,1,38.28,25.67,31.79,32.46,18.79,205.45,1.69
2016,주식회사비케이알,피자/치킨업,1,1,201.89,-9.1,4.21,4.25,3.18,31.71,1.33
2017,주식회사비케이알,피자/치킨업,1,1,9.15,36.61,-1.39,0.43,-1.2,112.98,1.15
2018,주식회사비케이알,피자/치킨업,1,1,1.4,16.43,1.35,2.23,1.06,110.65,1.28
2019,주식회사비케이알,피자/치킨업,1,1,46.36,24.87,1.5,3.61,1.16,202.53,1.29
2020,주식회사비케이알,피자/치킨업,1,1,3.1,13.63,-0.92,1.43,-0.76,229.72,1.21
2016,주식회사삼원가든,한식,2,1,8.5,97.43,8.11,12.97,9.16,87.4,0.88
2017,주식회사삼원가든,한식,2,1,-3.53,-8,-1.7,5.11,-2.13,86.69,0.8
2018,주식회사삼원가든,한식,2,1,,,-1.37,12.71,-2.53,478.69,0.54
2019,주식회사삼원가든,한식,2,1,5.36,433.5,2.32,4.26,1.66,435.77,1.4
2016,주식회사설빙,주점 및 비알콜,1,1,12.84,-21.49,1.75,2.89,3.62,33.33,0.48
2017,주식회사설빙,주점 및 비알콜,1,1,-0.17,22.76,2.02,8.61,3.62,29.27,0.56
2018,주식회사설빙,주점 및 비알콜,1,1,14.23,16.33,9.53,18.18,15.66,30.45,0.61
2019,주식회사설빙,주점 및 비알콜,1,1,16.8,12.26,7.84,30.56,13.27,37.16,0.59
2020,주식회사설빙,주점 및 비알콜,1,1,7.97,-16.66,14.06,32.21,32,23.35,0.44
2016,주식회사스타벅스커피코리아,주점 및 비알콜,2,1,12.86,29.58,13.65,8.5,6.51,105.08,2.1
2017,주식회사스타벅스커피코리아,주점 및 비알콜,2,1,18.68,25.99,16.33,9.05,7.16,86.54,2.28
2018,주식회사스타벅스커피코리아,주점 및 비알콜,2,1,28.46,20.49,16.29,9.38,7.36,83.98,2.21
2019,주식회사스타벅스커피코리아,주점 및 비알콜,2,1,61.81,22.81,13.12,9.37,7.1,156.22,1.85
2020,주식회사스타벅스커피코리아,주점 및 비알콜,2,1,10.4,3.15,7.57,8.52,5.17,165.16,1.47
2016,주식회사식의,서양식,2,2,-10.3,-1.71,-2.39,-0.52,-1.03,158.59,2.33
2017,주식회사식의,서양식,2,2,-9.48,-17,3.28,3.92,1.53,127.67,2.14
2018,주식회사식의,서양식,2,2,-3.27,-10.65,10.72,7.36,5.23,77.6,2.05
2019,주식회사식의,서양식,2,2,14.52,-9.2,16.53,8.52,9.37,54.69,1.76
2020,주식회사식의,서양식,2,2,12.73,-86.52,18.77,-16.92,89.7,33.22,0.21
2016,주식회사썬앳푸드,다업종업,2,2,-9.09,19.75,-8.75,-12.15,-20.53,6.01,0.43
2017,주식회사썬앳푸드,다업종업,2,2,-6.04,-9.35,-5.79,-18.88,-13.86,7.6,0.42
2018,주식회사썬앳푸드,다업종업,2,2,-0.74,16.81,-2,-11.42,-3.95,9.26,0.51
2019,주식회사썬앳푸드,다업종업,2,2,1.47,13.79,-4.47,-4.93,-7.79,16.65,0.57
2020,주식회사썬앳푸드,다업종업,2,2,21.22,-21.89,-4.01,-13.58,-9.96,48.47,0.4
2016,주식회사아모제에프앤엘,서양식,2,2,-0.51,-36.95,-0.67,-22.98,-1.27,5102.89,0.52
2017,주식회사아모제에프앤엘,서양식,2,2,-4.04,-65.71,3.8,5.36,20.67,1600.46,0.18
2018,주식회사아모제에프앤엘,서양식,2,2,-2.89,-26.04,-3.26,-1.56,-23.15,3540.27,0.14
2019,주식회사아모제에프앤엘,서양식,2,2,-87.68,-45.62,-18.69,-8.61,-135.12,0,0.14
2016,주식회사안스,제과점업,2,1,2.19,283.59,2.93,5.64,2.97,746.44,0.99
2017,주식회사안스,제과점업,2,1,2.88,1.43,1.7,4.88,1.74,659.88,0.98
2018,주식회사안스,제과점업,2,1,45.6,10.51,4.94,9.23,5.71,657.27,0.87
2019,주식회사안스,제과점업,2,1,-2.21,8.38,1.12,4.01,1.4,583.26,0.8
2020,주식회사안스,제과점업,2,1,5.91,11.39,5,7.84,5.71,435.46,0.88
2020,주식회사알트윈푸드,중식/일식,1,2,-32.44,-54.15,-26.13,-9.14,-16.26,310.92,1.61
2016,주식회사에땅,피자/치킨업,1,2,-11.36,-19.13,1.35,2.04,1.55,125.75,0.87
2017,주식회사에땅,피자/치킨업,1,2,2.09,-19.31,3.5,1.71,4.72,113.46,0.74
2018,주식회사에땅,피자/치킨업,1,2,-2.65,-18.43,1.57,3.19,2.59,101.17,0.61
2019,주식회사에땅,피자/치킨업,1,2,-5.7,-15.15,25.67,-16.11,47.87,26.32,0.54
2020,주식회사에땅,피자/치킨업,1,2,-0.76,-12.66,7.97,-11.87,16.46,15.42,0.48
2019,주식회사에스제이뺑오르방,제과점업,2,1,19.72,48.68,8.42,18.22,13.81,341.3,0.61
2016,주식회사에이치앤디이,간이식,1,2,-1.73,-7.72,1.92,1.52,1.32,65.1,1.45
2017,주식회사에이치앤디이,간이식,1,2,-3.69,6.03,2.44,1.24,1.54,57.62,1.58
2018,주식회사에이치앤디이,간이식,1,2,6.41,9.01,1.82,1.25,1.07,66.68,1.7
2019,주식회사에이치앤디이,간이식,1,2,3.75,-0.39,3.26,2.17,2.02,67.51,1.62
2020,주식회사에이치앤디이,간이식,1,2,22.19,-16.13,-1.28,-0.42,-1.07,49.9,1.2
2016,주식회사엔타스시스템,다업종업,2,2,0.88,-1.34,2.44,4.97,2.06,142.34,1.19
2017,주식회사엔타스시스템,다업종업,2,2,2.3,0.46,3.62,6.33,3.08,127.72,1.17
2018,주식회사엔타스시스템,다업종업,2,2,-0.79,3.66,4.36,4.17,3.61,105.26,1.21
2019,주식회사엔타스시스템,다업종업,2,2,18.32,-3.51,2.38,3.25,2.22,130.96,1.07
2020,주식회사엔타스시스템,한식,2,2,-7.24,-20.69,0.25,0.42,0.31,113.05,0.81
2019,주식회사엘알디,한식,2,1,-1.39,-9.6,-1.76,-14.84,-17.05,106.71,0.1
2019,주식회사엘티알,한식,2,1,8.94,38385.63,6.06,8.08,4.98,62679.04,1.22
2020,주식회사엘티알,한식,2,1,3.91,-36.22,2.39,7.41,3.28,3902.89,0.73
2016,주식회사엠에프지코리아,서양식,2,1,9.61,14.59,1.4,2.6,0.58,90.9,2.39
2017,주식회사엠에프지코리아,서양식,2,1,6.72,2.97,6.51,4.21,2.86,79.99,2.28
2018,주식회사엠에프지코리아,서양식,2,1,0.49,-2.81,1.98,2.97,0.93,75.87,2.14
2019,주식회사엠에프지코리아,서양식,2,1,47,-4.12,2.53,3.32,1.53,145.7,1.66
2020,주식회사엠에프지코리아,서양식,2,1,-3.88,-21.14,-5.22,-4.72,-4.67,162.52,1.12
2016,주식회사엠파이어에프앤비,서양식,2,1,-2.53,1.6,0.04,6.14,0.07,17684.99,0.52
2017,주식회사엠파이어에프앤비,서양식,2,1,-3.26,-15.32,-4.48,-3.67,-9.9,0,0.45
2018,주식회사엠파이어에프앤비,서양식,2,1,-3.39,-29.16,0.24,-6.05,0.71,7422.66,0.33
2019,주식회사엠파이어에프앤비,서양식,2,1,-9.36,-94.65,1.1,-458.16,58.25,3706.62,0.02
2016,주식회사온누리푸드시스템,한식,1,2,5.24,-16.74,5.23,7.99,6.47,4.43,0.81
2017,주식회사온누리푸드시스템,한식,1,2,5.64,-18.34,5.09,10.16,8.14,4.61,0.63
2018,주식회사온누리푸드시스템,한식,1,2,3.11,1.44,3.53,6.42,5.81,3.96,0.61
2019,주식회사온누리푸드시스템,한식,1,2,30.42,-4.1,6.21,6.43,12.45,26.2,0.5
2016,주식회사이원,주점 및 비알콜,1,1,-6.04,-14.67,-6.8,-13.28,-19.25,487.59,0.35
2017,주식회사이원,주점 및 비알콜,1,1,-2.82,-8.11,-5.62,-8.42,-16.54,746.76,0.34
2018,주식회사이원,주점 및 비알콜,1,1,-3.53,29.38,0.43,4.55,0.94,750.59,0.45
2019,주식회사이원,주점 및 비알콜,1,1,-3.38,-26.84,-2.6,-3.94,-7.56,950.34,0.34
2016,주식회사제이알더블유,서양식,2,1,12.11,12.88,8.19,3.5,3.26,209.44,2.51
2017,주식회사제이알더블유,서양식,2,1,17.45,15.9,3.13,4,1.23,249.42,2.53
2018,주식회사제이알더블유,서양식,2,1,-8.77,-1.02,-2.96,2.09,-1.22,253.75,2.43
2019,주식회사제이알더블유,서양식,2,1,7.39,0.52,13.31,4.33,5.4,155.26,2.47
2020,주식회사제이알더블유,서양식,2,1,16.64,-19.84,-32.4,-18.46,-18.38,2760.3,1.76
2016,주식회사죠스푸드,간이식,1,2,12.8,-20.39,-4.51,-3.29,-4.11,451.98,1.1
2017,주식회사죠스푸드,간이식,1,2,0.3,-12.02,0.53,4.59,0.58,437.97,0.91
2018,주식회사죠스푸드,간이식,1,2,11.36,-15.19,1.13,4.8,1.55,462.93,0.73
2019,주식회사죠스푸드,간이식,1,2,15.68,-4.9,0.07,4.54,0.12,548.36,0.61
2020,주식회사죠스푸드,간이식,1,2,4.64,8.66,-0.01,4.24,-0.01,578.69,0.6
2016,주식회사즐거운세상,다업종업,1,2,-0.21,30.69,1.19,8.41,2.3,1062.61,0.52
2017,주식회사즐거운세상,다업종업,1,2,23.72,2.02,1.32,9.93,2.8,373.74,0.47
2018,주식회사즐거운세상,다업종업,1,2,7.21,10.5,1.62,10.8,3.55,370.58,0.46
2019,주식회사즐거운세상,다업종업,1,2,2.57,3.93,2.25,12.54,5,335.83,0.45
2020,주식회사즐거운세상,다업종업,1,2,-1.74,-45.64,-3.87,-14.52,-15.86,414.31,0.24
2016,주식회사지앤푸드,피자/치킨업,1,2,79.41,49.35,26.81,9.58,6.16,161.32,4.35
2017,주식회사지앤푸드,피자/치킨업,1,2,20.77,8.24,21.78,9.09,6.55,101.28,3.32
2018,주식회사지앤푸드,피자/치킨업,1,2,8.06,-6.59,14.93,8.35,5.47,76.02,2.73
2019,주식회사지앤푸드,피자/치킨업,1,2,15.22,4.44,9.9,5.76,3.88,80.24,2.55
2020,주식회사지앤푸드,피자/치킨업,1,2,61.17,27.41,10.43,8.38,4.49,152.49,2.32
2019,주식회사청초수,한식,2,1,-2.88,-0.35,7.96,11.24,8.38,150.41,0.95
2016,주식회사카페베네,주점 및 비알콜,1,1,-21.34,-30.45,-24.57,-0.72,-31.6,8021.61,0.78
2017,주식회사카페베네,주점 및 비알콜,1,1,-62.84,-39.84,-65.36,-4.8,-84.4,0,0.77
2018,주식회사카페베네,주점 및 비알콜,1,1,-9.92,-39.13,2.88,0.87,3.15,0,0.92
2019,주식회사카페베네,주점 및 비알콜,1,1,1.44,-8.2,-1.95,1.99,-2.08,0,0.94
2020,주식회사카페베네,주점 및 비알콜,1,1,-16.28,-15.35,-1.44,-3.99,-1.69,0,0.86
2019,주식회사커피베이,주점 및 비알콜,1,1,2.49,15.68,6.77,10.93,2.86,218.73,2.37
2020,주식회사커피베이,주점 및 비알콜,1,1,-15.41,-20.45,1.38,6.06,0.69,159.08,2.02
2016,주식회사케이에프씨코리아,피자/치킨업,1,1,-12.74,1.31,-22.65,-6.93,-10.73,159.74,2.11
2017,주식회사케이에프씨코리아,피자/치킨업,1,1,-7.43,-8.84,-25.03,-10.75,-11.67,559.71,2.15
2018,주식회사케이에프씨코리아,피자/치킨업,1,1,-0.59,14.23,-7.93,-0.84,-3.1,1758.25,2.56
2019,주식회사케이에프씨코리아,피자/치킨업,1,1,101.8,13.81,-0.91,1.87,-0.47,6308.49,1.93
2020,주식회사케이에프씨코리아,피자/치킨업,1,1,3.73,-5.89,-1.93,0.39,-1.44,0,1.34
2020,주식회사큐스키친,서양식,1,2,-18.46,-33.4,-8.31,-8.23,-5.24,17.88,1.59
2016,주식회사키친보리에,다업종업,1,2,27.33,14.15,5.95,8.65,5.39,98.37,1.1
2017,주식회사키친보리에,다업종업,1,2,-0.14,7.96,1.19,10.4,1.12,93.75,1.06
2018,주식회사키친보리에,다업종업,1,2,2.63,-4.03,0.13,2.6,0.13,102.84,1.01
2019,주식회사키친보리에,다업종업,1,2,5.87,1.59,6.57,6.33,6.69,90.22,0.98
2020,주식회사키친보리에,다업종업,1,2,7.23,-26.29,-5.02,-9.28,-7.39,130.89,0.68
2020,주식회사타르틴코리아,제과점업,1,1,9.52,11.32,-72.17,-37.8,-45.99,0,1.57
2016,주식회사터존,서양식,2,1,26.62,-69.35,0.04,24.25,1.4,504.34,0.03
2017,주식회사터존,서양식,2,1,15.14,30.53,56.57,54.07,1839.47,49.97,0.03
2018,주식회사터존,서양식,2,1,-5.24,-5.3,1.07,60.15,38.17,40.55,0.03
2019,주식회사터존,서양식,2,1,-2.53,-4,-0.76,65.23,-27.3,38.45,0.03
2016,주식회사토다이코리아,중식/일식,2,1,-2.78,1.81,-0.43,2.5,-0.4,184.68,1.08
2017,주식회사토다이코리아,중식/일식,2,1,-2.83,5.64,-8.17,-3.53,-6.95,261.95,1.18
2018,주식회사토다이코리아,중식/일식,2,1,10.55,1.69,-3.99,-1.06,-3.47,254.53,1.15
2019,주식회사토다이코리아,중식/일식,2,1,-18.32,-53.44,-14.66,7.63,-26.07,448.64,0.56
2020,주식회사티앤더블유코리아,중식/일식,2,1,-17.73,-37.67,-27.4,-35.09,-64.05,0,0.43
2016,주식회사푸른에프앤디,중식/일식,1,2,-7.2,-3.48,2.97,3.51,7.57,7,0.39
2017,주식회사푸른에프앤디,중식/일식,1,2,14.66,-4.66,4.97,3.26,13.74,4.86,0.36
2018,주식회사푸른에프앤디,중식/일식,1,2,5.91,1.22,3.81,0.31,11.45,4.06,0.33
2019,주식회사푸른에프앤디,중식/일식,1,2,-1.12,-22.04,-1.52,-22.76,-6,6.44,0.25
2016,주식회사프랜푸드,피자/치킨업,1,1,1.11,-5.53,3.73,2.88,1.76,158.78,2.12
2017,주식회사프랜푸드,피자/치킨업,1,1,8.47,-0.23,1.85,2.26,0.92,188.11,2.01
2018,주식회사프랜푸드,피자/치킨업,1,1,2.89,-3.68,2.87,5.4,1.56,185.79,1.84
2019,주식회사프랜푸드,피자/치킨업,1,1,3.27,-14.17,-5.31,-1.9,-3.47,268.48,1.53
2020,주식회사프랜푸드,피자/치킨업,1,1,-14.82,-20.07,-3.09,-1.17,-2.37,250.79,1.3
2016,주식회사하누소,한식,1,1,-0.38,8.18,2.28,9.29,3.81,394.57,0.6
2017,주식회사하누소,한식,1,1,0.75,-2.65,2.99,10.18,5.12,333.91,0.58
2018,주식회사하누소,한식,1,1,2.88,-3.79,2.53,9.41,4.59,301.76,0.55
2019,주식회사하누소,한식,1,1,5.16,-0.61,0.83,6.39,1.58,308.53,0.53
2020,주식회사하누소,한식,1,1,3.09,-10.26,0.56,5.48,1.23,311.63,0.45
2016,주식회사현성에프엔티,서양식,2,2,3.75,-26.81,0.03,4.82,0.09,33899.71,0.35
2017,주식회사현성에프엔티,서양식,2,2,-24.79,-71.23,-21.19,-205.84,-190.37,0,0.11
2018,주식회사현성에프엔티,서양식,2,2,-11.19,-46.29,-13.56,-152.92,-183.84,0,0.07
2019,주식회사현성에프엔티,서양식,2,2,-8.29,11.23,-7.41,-54.55,-81.4,0,0.09
2016,청오디피케이(주),피자/치킨업,1,1,12.7,7.61,12.78,12.44,9.93,61.94,1.29
2017,청오디피케이(주),피자/치킨업,1,1,3.12,4.53,13.18,13.43,10.55,51.18,1.25
2018,청오디피케이(주),피자/치킨업,1,1,21.92,-3.09,7.46,9.82,6.94,64.04,1.07
2019,청오디피케이(주),피자/치킨업,1,1,-4.8,-4.18,6.08,5.61,6.34,42.37,0.96
2020,청오디피케이(주),피자/치킨업,1,1,5.57,14.09,9.69,7.1,8.87,70.79,1.09
2016,커피스미스에프씨(주),주점 및 비알콜,1,2,,,5.04,3.39,2.25,195.93,2.24
2017,커피스미스에프씨(주),주점 및 비알콜,1,2,12.34,5.19,3.46,4.8,3.12,415.05,1.11
2018,커피스미스에프씨(주),주점 및 비알콜,1,2,4.56,3.02,3.59,5.98,3.4,352.84,1.06
2019,커피스미스에프씨(주),주점 및 비알콜,1,2,5.49,-17.75,0.12,2.37,0.14,375.12,0.83
2020,커피스미스에프씨(주),주점 및 비알콜,1,2,-1.4,-25.48,-11.87,-17.11,-19.64,964.67,0.6
2020,크리스탈제이드코리아주식회사,중식/일식,1,1,0,0,-32,-6.57,-9.84,126.98,3.25
2018,투썸플레이스주식회사,주점 및 비알콜,1,1,,,23.95,12.15,7.86,111.78,3.05
2019,투썸플레이스주식회사,주점 및 비알콜,1,1,56.54,22.4,10.7,11.75,7.36,218.09,1.45
2020,투썸플레이스주식회사,주점 및 비알콜,1,1,3.24,10.69,8.88,11.12,6.84,608.88,1.3
2020,하이디라오코리아(유),중식/일식,1,1,51.63,-38.17,-19.84,-25.55,-23.97,0,0.83
2016,한국파파존스(주),피자/치킨업,1,1,-0.82,0.47,0.01,0.17,0,1335.87,3.05
2017,한국파파존스(주),피자/치킨업,1,1,-0.34,6.23,0.78,0.57,0.24,1186.73,3.26
2018,한국파파존스(주),피자/치킨업,1,1,49.34,3.11,0.61,1.32,0.23,1649.4,2.7
2019,한국파파존스(주),피자/치킨업,1,1,3.68,6.87,1.97,2.26,0.83,1243.51,2.37
2020,한국파파존스(주),피자/치킨업,1,1,17.68,36.58,18.23,8.6,6.25,331.22,2.92
2016,한서외식산업(주),한식,2,2,0.76,-19.56,-0.74,-6.61,-2.45,13.36,0.3
2017,한서외식산업(주),한식,2,2,1.13,6.98,-1.89,-7.49,-5.9,13,0.32
2018,한서외식산업(주),한식,2,2,-0.66,16.26,-1.74,0.78,-4.66,14.49,0.37
2019,한서외식산업(주),한식,2,2,5.12,17.89,2.89,1.16,6.72,16.41,0.43
2020,한서외식산업(주),한식,2,2,-5.08,-33.76,-3.88,-23.23,-13.61,15.57,0.28
2016,한우리외식산업주식회사,한식,2,2,4.16,6.95,5.21,7.88,6.23,18.61,0.84
2017,한우리외식산업주식회사,한식,2,2,7.36,5.8,6.01,9.83,7.2,20.34,0.84
2018,한우리외식산업주식회사,한식,2,2,2.96,4.83,3.44,5.02,4.13,18.9,0.83
2019,한우리외식산업주식회사,한식,2,2,6.79,1.5,4.37,6.68,5.42,20.5,0.81
2020,한우리외식산업주식회사,한식,2,2,0.85,-23.16,-0.61,-1.48,-1.02,22.43,0.6
2016,해마로푸드서비스(주),피자/치킨업,1,1,0,0,12.38,8.55,4.6,73.04,2.69
2017,해마로푸드서비스(주),피자/치킨업,1,1,35.69,10.75,11.65,6.5,4.61,80.56,2.53
2018,해마로푸드서비스(주),피자/치킨업,1,1,14.69,15.46,13.19,8.94,5.59,69.23,2.36
2019,해마로푸드서비스(주),피자/치킨업,1,1,7.72,11.46,8.38,7.53,3.53,68.31,2.37
