,Japan,China,Hongkong,Thiland,USA,AUS,FRANCE,Italy,Spain,Swiss,UK,Greece
Visitor_1,1,1,,,1,,1,,1,,1,
Visitor_2,1,,1,,1,,1,1,,1,,1
Visitor_3,,1,1,,1,1,,1,,1,,1
Visitor_4,,,,1,,,,,,,1,
Visitor_5,,,1,,1,,1,1,1,,,
Visitor_6,1,,,,,,,,,1,1,
Visitor_7,,,1,,1,,1,1,1,,,
Visitor_8,1,1,,,,,,,,1,,
Visitor_9,1,,,1,,1,,,1,,,
Visitor_10,1,,1,,1,,,,,1,1,
Visitor_11,,1,,,,,,,1,1,,
Visitor_12,1,,1,,1,,1,1,1,,1,1
Visitor_13,,,,1,1,,,,,1,,
Visitor_14,1,1,1,,1,1,,,,,,
Visitor_15,1,,,,,1,1,1,1,,1,1
Visitor_16,1,1,,1,1,,1,1,,,,1
Visitor_17,,1,,,,,,,,,,
Visitor_18,,,1,1,,,,,,,,
Visitor_19,1,1,,1,,1,,,,,,
Visitor_20,,,,,,,1,1,1,1,,
