id,dong,bus_station,bcc_rentalshop,hanriver_acc,history,theater,art,culture,museum,library,perfomance,park,shopping,doolle_munhwagil,gym,amusement_park,book,general_restaurant,rest_restaurant,restroom,bike_rental_mean,seoul_sites
1,가양동,60,15,0,2,0,2,0,1,0,0,0,5,2,0,0,9,6,6,35,23709.6,0
2,고척동,84,13,0,2,0,0,0,0,1,0,0,13,0,12,0,6,9,5,14,15026.4,0
3,공릉동,54,7,0,5,1,0,0,1,0,0,0,3,4,13,0,12,13,6,18,2912.6,0
4,남영동,6,2,0,2,0,0,0,0,0,0,0,1,0,0,0,0,1,1,2,1589.4,0
5,남창동,3,0,0,1,0,0,0,0,0,0,20,2,0,0,0,1,4,0,7,0,0
6,내곡동,15,3,0,3,0,0,0,1,0,0,0,0,0,1,3,0,0,1,3,69.8,0
7,능동,15,4,0,2,1,0,1,1,0,1,0,0,2,5,4,0,7,1,9,5343.6,0
8,동작동,33,8,0,2,1,0,0,0,0,0,0,0,8,2,0,0,7,4,4,7322.4,0
9,묵동,88,17,0,2,0,0,0,0,1,0,0,0,0,5,0,5,7,11,9,18839.8,0
10,방배동,123,12,0,3,0,0,0,0,0,2,0,2,6,8,0,30,18,10,82,4998.4,0
11,방이동,39,12,0,3,0,2,1,3,0,3,0,1,12,7,1,6,7,2,42,16574.2,0
12,방학동,121,19,0,1,1,0,0,0,0,0,0,4,6,3,1,5,13,6,28,16053.8,0
13,번동,130,17,0,1,0,0,0,0,1,1,0,0,12,8,0,6,20,7,23,13899.8,0
14,봉천동,137,32,0,1,1,2,2,0,1,2,0,10,6,10,0,23,44,16,27,23725.8,0
15,사당동,120,28,0,3,6,1,1,0,0,0,0,4,5,3,0,10,32,20,26,19549.4,0
16,사직동,6,1,0,13,0,0,1,0,0,0,0,0,0,1,0,2,0,1,3,373.4,0
17,삼성동,55,18,0,4,4,2,0,1,1,6,0,4,3,1,1,3,37,21,27,10461.2,0
18,상암동,27,4,1,1,0,0,0,0,0,0,0,0,3,9,0,7,1,0,31,2142.8,1
19,서빙고동,9,3,1,2,0,0,0,0,0,0,0,0,0,0,0,2,0,0,4,2899.2,0
20,석관동,46,7,0,1,1,0,0,0,0,1,0,3,1,5,0,1,3,6,11,9223.6,1
21,석촌동,28,14,0,2,4,0,1,0,0,3,0,2,12,1,0,3,23,21,19,23960.2,0
22,소공동,0,1,0,11,0,0,0,0,0,0,5,1,0,0,0,0,1,0,13,293.6,0
23,수서동,26,4,0,2,0,0,0,0,0,0,0,1,0,5,0,1,1,1,9,2687.8,0
24,수유동,101,8,0,1,0,0,1,0,0,1,0,7,22,5,0,13,8,5,23,0,0
25,신촌동,2,0,0,1,0,0,0,0,0,1,0,1,0,0,0,1,0,0,7,0,0
26,암사동,24,7,1,1,0,0,0,1,1,1,0,0,0,4,0,3,6,7,22,0,0
27,예장동,2,0,0,3,0,0,0,0,0,0,3,0,1,0,0,0,0,0,1,0,1
28,오금동,55,15,0,2,0,0,0,0,1,0,0,3,1,8,1,5,11,8,27,8977.2,0
29,오륜동,0,0,0,1,0,0,0,0,0,0,0,0,0,0,0,0,0,0,1,0,0
30,와룡동,0,0,0,30,0,0,0,0,0,0,0,0,0,0,0,0,1,1,2,0,0
31,우이동,13,1,0,2,0,0,0,0,0,0,0,0,8,0,0,0,0,2,3,503.6,0
32,월계동,75,12,0,2,0,0,0,0,1,1,0,3,6,6,0,5,2,2,19,9892.2,0
33,이화동,3,2,0,1,0,0,0,0,0,3,0,0,0,0,0,2,2,0,2,1075.8,1
34,장충동1가,7,4,0,1,0,0,1,1,0,1,118,0,0,1,0,0,1,0,4,1417.2,0
35,정릉동,61,3,0,1,0,1,0,1,0,0,0,1,11,3,0,13,7,4,20,1156.6,1
36,종로1가,3,1,0,1,0,0,0,0,0,0,0,1,0,0,0,1,3,1,2,1718.4,0
37,천연동,5,0,0,2,0,0,0,0,0,0,0,0,0,0,0,1,1,0,2,0,0
38,청량리동,32,6,0,4,0,0,0,2,2,0,0,1,2,2,1,1,3,0,7,4218,0
39,청운동,2,0,0,17,0,0,0,0,2,0,0,0,0,0,0,4,0,0,1,0,0
40,필동2가,1,0,0,3,0,1,0,0,0,1,63,0,1,1,0,1,1,0,6,0,1
41,하계동,108,14,0,1,3,1,2,0,1,1,0,3,0,9,0,1,4,3,13,25514,0
42,회현동1가,4,0,0,1,0,0,0,1,0,0,56,1,0,3,0,0,0,0,4,0,0
43,효창동,7,1,0,1,0,0,0,1,2,0,0,0,0,6,0,0,0,0,8,246.6,2
44,후암동,17,2,0,2,0,0,1,1,3,0,8,0,0,2,1,8,3,0,5,1280.4,0
45,훈전동,0,0,0,1,0,0,0,0,0,0,0,0,0,0,0,0,0,0,0,0,0
46,훈정동,0,0,0,9,0,0,0,0,0,0,0,0,1,0,0,0,0,0,0,0,1
47,가락동,32,8,0,0,0,0,0,0,0,0,0,4,1,1,0,9,6,6,44,0,0
48,가리봉동,95,18,0,0,0,0,0,0,4,0,0,0,0,0,0,0,34,17,4,20864,0
49,가산동,66,11,0,0,1,0,0,0,2,0,0,5,0,0,0,11,7,4,17,9519.6,0
50,가회동,6,1,0,0,0,0,0,3,0,0,0,0,0,0,0,0,1,0,1,271.4,0
51,갈월동,13,2,0,0,0,0,0,0,0,1,0,0,0,1,0,3,2,3,5,1603.2,0
52,갈현동,72,4,0,0,0,0,0,0,0,0,0,2,3,6,0,7,19,7,35,2286,0
53,강일동,49,10,0,0,0,0,0,0,1,0,0,0,0,1,0,1,31,17,1,4101,0
54,개봉동,79,9,0,0,0,0,0,0,2,2,0,4,3,3,0,4,3,3,18,8445.2,0
55,개포동,61,11,0,0,0,0,1,1,1,0,0,3,2,3,0,5,1,2,25,3043,0
56,개화동,7,2,1,0,0,0,0,0,0,1,0,0,4,2,0,0,54,37,3,453.4,0
57,거여동,27,7,0,0,0,0,1,0,1,0,0,0,0,4,0,0,24,9,8,4698.4,0
58,경운동,3,1,0,0,0,0,0,0,0,0,0,0,1,0,0,2,0,0,3,1291.6,0
59,고덕동,17,5,0,0,0,0,0,0,0,0,0,1,3,2,0,7,7,2,6,1471.4,0
60,공덕동,16,2,0,0,0,0,0,0,0,0,0,3,0,0,0,5,3,0,12,1519,0
61,공평동,4,2,0,0,0,0,0,0,0,0,0,0,0,0,0,2,3,3,2,2123.8,0
62,공항동,52,8,0,0,1,0,0,0,0,0,0,0,0,2,0,5,3,3,14,9862.6,0
63,광장동,25,5,1,0,0,0,1,0,1,3,0,2,2,8,0,3,2,2,22,4528.8,0
64,광희동2가,4,2,0,0,0,0,0,0,0,0,17,0,0,0,0,0,1,0,0,1173.4,0
65,교남동,9,1,0,0,0,0,0,0,0,0,0,0,0,0,0,3,4,0,2,913.4,0
66,교북동,15,3,0,0,0,0,0,0,0,0,0,0,1,1,0,0,0,0,0,3234.2,0
67,구로동,82,15,0,0,1,0,1,0,3,2,0,27,1,3,0,15,8,8,57,11010.8,0
68,구산동,34,1,0,0,0,0,0,0,1,0,0,2,0,1,0,1,2,2,9,1405.4,0
69,구수동,12,3,0,0,0,0,0,0,1,0,0,1,0,0,0,2,1,3,0,2806.6,0
70,구의동,60,14,0,0,1,0,1,0,0,0,0,6,0,3,0,11,8,7,38,12831.8,0
71,군자동,35,16,0,0,1,0,0,1,0,2,0,2,1,1,0,3,5,8,12,16902.8,0
72,궁동,43,7,0,0,0,0,0,0,1,0,0,0,3,1,0,2,0,0,5,2988.2,0
73,궁정동,4,1,0,0,0,0,0,0,0,0,0,0,0,0,0,0,0,1,0,732.4,0
74,금호동1가,34,2,0,0,0,0,0,0,0,0,6,2,0,6,0,2,2,0,1,198.4,0
75,금호동2가,23,1,0,0,0,1,0,0,1,0,0,0,0,0,0,1,0,0,3,376.8,0
76,금호동3가,44,3,0,0,0,0,0,0,0,0,0,2,1,2,0,2,8,3,3,735,0
77,금호동4가,16,3,0,0,0,0,0,0,0,0,0,1,0,2,0,0,4,0,4,1795.6,0
78,길동,39,8,0,0,2,0,1,0,1,0,0,4,2,3,1,2,13,6,13,9136.8,0
79,길음동,84,10,0,0,1,0,0,0,0,1,0,13,2,0,0,8,16,10,17,6954.6,0
80,낙원동,2,1,0,0,5,0,0,0,0,1,0,2,1,0,0,2,2,0,0,1047.4,0
81,남가좌동,48,13,0,0,0,0,0,0,0,0,0,1,0,0,0,7,6,9,10,9029.2,0
82,남대문로1가,4,3,0,0,0,0,0,0,0,0,5,0,0,0,0,0,0,0,2,2838.8,0
83,남대문로3가,4,3,0,0,0,0,0,1,0,0,3,0,0,0,0,1,0,0,0,1314.6,0
84,남대문로4가,4,1,0,0,2,1,0,0,0,0,10,0,0,0,0,0,0,0,4,516.6,1
85,남대문로5가,4,2,0,0,0,1,0,0,0,0,96,0,1,0,0,0,0,1,8,405,0
86,남현동,20,3,0,0,1,0,0,0,0,1,0,2,2,0,0,2,9,2,5,732.4,0
87,내발산동,67,26,0,0,2,0,1,0,0,0,0,2,2,2,0,9,26,9,11,45538.8,0
88,내자동,2,3,0,0,0,0,1,0,0,0,0,0,0,0,0,1,1,1,0,2401.2,0
89,노고산동,25,10,0,0,3,0,0,0,0,3,0,2,0,2,0,3,14,6,5,7487.4,0
90,노량진동,50,8,0,0,4,0,0,0,2,0,0,2,0,3,0,24,14,12,27,12808.4,0
91,녹번동,35,12,0,0,1,1,3,0,0,3,0,0,3,2,0,3,10,4,31,7305.6,0
92,논현동,61,14,0,0,0,1,0,1,3,1,0,5,0,4,0,13,67,40,18,0,0
93,답십리동,30,7,0,0,0,0,0,0,3,0,0,3,0,1,0,0,7,4,15,6857.2,0
94,당산동,7,2,1,0,0,0,0,0,0,0,0,1,0,3,0,0,2,4,34,5737.6,0
95,당산동1가,3,2,0,0,0,0,0,0,0,0,0,1,0,0,0,2,2,1,7,1732.4,0
96,당산동2가,14,2,0,0,0,0,0,0,0,0,0,1,0,0,0,1,4,1,20,1791.6,0
97,당산동3가,6,2,0,0,0,0,1,0,0,0,0,2,0,0,0,0,3,2,12,5747.8,0
98,당산동4가,5,2,1,0,0,0,0,0,0,0,0,0,0,0,0,1,5,0,8,1906.6,0
99,당산동6가,4,2,1,0,0,0,0,0,0,0,0,0,0,0,0,3,1,0,10,4993.8,0
100,당인동,11,1,0,0,0,0,0,0,0,0,0,0,0,0,0,1,15,5,0,1370.6,1
101,당주동,0,1,0,0,0,0,0,0,0,0,0,0,0,0,0,0,2,0,0,1407.2,0
102,대림동,79,9,0,0,3,0,0,0,0,1,0,3,0,4,0,6,13,3,82,9039.6,0
103,대방동,99,13,0,0,0,0,0,0,0,0,0,3,4,6,0,5,17,9,21,13657,0
104,대신동,7,2,0,0,1,0,0,0,0,0,0,0,0,1,0,1,0,0,1,694.2,0
105,대조동,58,10,0,0,2,0,0,0,1,0,0,5,0,0,0,4,18,8,16,10747.4,0
106,대치동,56,14,0,0,0,0,1,0,3,4,0,7,0,6,0,17,19,22,23,8232,0
107,대현동,23,4,0,0,2,0,1,2,0,0,0,1,2,0,0,5,14,6,5,1426.8,0
108,대흥동,15,2,0,0,0,0,0,1,0,0,0,0,2,0,0,4,3,2,6,2216.8,0
109,도곡동,93,21,0,0,1,0,2,0,1,5,0,2,1,1,0,11,29,14,17,14328.4,0
110,도렴동,5,1,0,0,0,0,0,0,0,1,0,0,0,0,0,0,1,2,1,686.8,0
111,도림동,39,6,0,0,0,0,0,0,1,0,0,2,1,8,0,2,1,2,14,5080.2,0
112,도봉동,63,11,0,0,0,0,0,0,2,1,0,2,11,7,0,5,32,7,12,5181.8,0
113,도선동,7,1,0,0,0,0,0,0,0,0,0,0,0,2,0,0,8,2,6,1091.4,0
114,도원동,19,1,0,0,0,0,0,0,0,0,0,0,0,0,0,0,0,0,1,218,0
115,도화동,21,1,0,0,0,0,0,0,0,0,0,2,0,0,0,2,10,3,15,746.4,0
116,독산동,153,27,0,0,1,0,1,0,1,4,0,11,9,9,0,10,19,11,40,16014.4,0
117,돈암동,19,3,0,0,0,0,0,0,0,0,0,3,0,0,0,0,1,0,9,0,0
118,동교동,13,5,0,0,3,0,0,1,0,0,0,4,2,0,0,12,26,14,11,8683.4,1
119,동선동1가,4,1,0,0,3,0,0,0,0,0,0,1,0,0,0,0,9,5,0,1230,0
120,동선동2가,7,2,0,0,0,0,0,0,0,0,0,0,0,0,0,1,4,7,2,3039.4,0
121,동선동3가,6,1,0,0,0,0,0,0,0,0,0,0,0,2,0,0,0,0,0,51,0
122,동선동4가,0,1,0,0,0,0,0,0,0,0,0,0,0,0,0,1,0,0,1,361.6,0
123,동소문동2가,14,3,0,0,0,0,0,0,0,0,0,0,0,0,0,1,1,1,0,2307,0
124,동소문동3가,4,2,0,0,0,0,0,0,0,0,0,0,0,0,0,0,0,0,1,1232.8,0
125,동소문동5가,6,3,0,0,0,0,0,0,0,0,0,1,0,0,0,0,3,0,2,3829,0
126,동소문동7가,61,4,0,0,3,0,0,0,1,1,0,0,4,0,0,0,3,1,0,2029,1
127,동자동,7,3,0,0,0,0,0,0,0,2,0,0,0,0,0,1,0,0,3,1749.2,0
128,둔촌동,31,4,0,0,0,0,0,0,0,0,0,2,1,2,1,4,1,2,5,1965.8,0
129,등촌동,63,12,0,0,3,0,0,0,3,1,0,5,7,7,0,15,15,9,54,18963.2,0
130,마곡동,35,14,0,0,0,0,0,0,0,0,0,3,0,5,0,1,11,7,8,0,0
131,마장동,31,7,0,0,0,0,0,0,0,0,0,2,0,4,0,3,2,0,12,0,0
132,마천동,30,5,0,0,0,0,0,0,0,0,0,2,0,2,0,5,16,8,9,3152,0
133,마포동,6,3,1,0,0,0,0,0,0,0,0,0,0,0,0,2,1,0,0,6160.6,0
134,만리동1가,1,1,0,0,0,0,0,1,0,0,47,0,0,3,0,0,0,0,0,1049,0
135,만리동2가,12,1,0,0,0,0,0,0,0,1,51,0,0,4,0,0,1,0,2,632.8,1
136,망우동,56,6,0,0,0,0,0,0,1,1,0,1,2,4,0,5,13,9,22,2783.8,0
137,망원동,50,5,1,0,0,0,0,1,0,1,0,0,0,14,0,11,14,7,20,12105.2,1
138,면목동,97,16,0,0,0,0,1,0,1,1,0,1,6,10,0,6,22,10,43,10524.6,0
139,명동1가,0,1,0,0,0,0,0,0,0,2,2,0,0,0,0,0,8,0,0,940,0
140,명륜1가,12,2,0,0,1,0,0,1,0,1,0,0,1,2,0,0,0,0,0,415.8,1
141,명륜2가,6,2,0,0,3,0,0,1,0,2,0,0,0,0,0,2,4,2,2,2423.6,0
142,명륜4가,10,5,0,0,4,0,0,1,0,5,0,0,1,0,0,2,6,6,0,3934.6,0
143,명일동,67,16,0,0,0,0,0,0,1,1,0,5,1,6,0,10,19,8,22,7052.6,0
144,목동,56,20,0,0,1,0,1,0,1,3,0,8,10,9,0,26,11,8,40,0,0
145,묘동,0,1,0,0,0,0,0,0,0,0,0,0,0,0,0,0,0,0,0,774.2,0
146,무교동,0,1,0,0,0,1,0,1,0,0,14,0,0,0,0,0,1,0,6,1847.2,1
147,무악동,5,3,0,0,0,0,0,0,0,0,0,0,0,1,0,0,0,0,3,1424.2,0
148,무학동,4,1,0,0,1,0,0,0,0,1,56,0,0,3,0,0,4,1,1,1049,0
149,묵정동,2,1,0,0,0,2,0,0,0,0,94,0,0,1,0,1,1,0,1,256.2,0
150,문래동1가,14,4,0,0,0,0,1,0,0,1,0,0,0,0,0,0,1,0,0,4755.6,0
151,문래동2가,12,3,0,0,2,0,0,0,0,2,0,0,0,1,0,0,6,4,1,8943.6,0
152,문래동3가,12,4,0,0,0,0,0,0,0,0,0,4,0,2,0,1,7,2,3,4202.6,0
153,문래동4가,7,2,0,0,1,0,0,0,1,1,0,0,1,0,0,0,0,0,0,3893.4,0
154,문래동5가,24,6,0,0,0,0,0,0,0,0,0,0,1,4,0,0,0,1,1,9661.8,0
155,문래동6가,13,2,0,0,0,0,0,0,0,0,0,0,0,7,0,1,2,2,2,2694.6,0
156,문배동,6,2,0,0,0,0,0,0,0,0,0,0,0,2,0,1,0,2,0,1124.4,0
157,문정동,43,14,0,0,2,0,0,0,0,0,0,4,0,0,0,8,24,6,18,11399.6,0
158,미근동,3,2,0,0,0,0,0,0,0,0,0,0,0,0,0,1,0,0,0,1140.6,0
159,미아동,118,12,0,0,1,0,1,0,3,0,0,9,2,1,0,18,21,13,26,7276,0
160,반포동,80,15,1,0,2,0,1,0,3,4,0,3,7,5,0,14,29,15,47,11773.6,0
161,방화동,66,9,1,0,0,0,0,0,0,0,0,5,2,7,0,11,7,2,38,13007.8,0
162,보광동,20,2,1,0,0,0,0,0,0,0,0,1,0,0,0,4,6,2,2,2557,0
163,보문동1가,2,1,0,0,0,0,0,0,0,0,0,0,0,0,0,0,1,1,3,915.4,0
164,보문동2가,3,1,0,0,0,0,0,0,0,0,0,0,0,0,0,0,0,1,0,1145.4,0
165,보문동3가,4,1,0,0,0,0,0,0,0,0,0,0,0,1,0,0,0,0,1,246,0
166,보문동4가,2,1,0,0,0,0,0,0,0,0,0,1,0,0,0,0,0,0,0,1674.4,0
167,보문동6가,5,1,0,0,0,0,0,0,0,0,0,0,0,0,0,1,0,0,0,139.8,0
168,보문동7가,2,2,0,0,0,0,0,0,0,0,0,1,0,0,0,0,0,1,5,667.2,0
169,본동,25,5,1,0,0,0,0,0,0,0,0,0,2,5,0,1,1,1,2,7172.2,0
170,봉래동1가,9,1,0,0,0,0,1,0,0,0,40,0,0,0,0,0,0,2,2,100.6,0
171,봉래동2가,10,2,0,0,1,0,0,0,0,0,59,3,0,0,0,2,0,1,2,1131.6,1
172,부암동,9,2,0,0,0,1,1,1,0,1,0,0,2,0,0,1,2,2,2,317.4,1
173,북가좌동,29,3,0,0,0,0,0,0,0,0,0,1,0,0,0,2,1,3,6,1880,0
174,북아현동,14,1,0,0,0,0,0,0,0,0,0,0,0,1,0,2,2,2,1,532.6,0
175,불광동,33,7,0,0,0,1,0,0,1,0,0,5,3,0,0,2,1,0,39,2702.4,0
176,사근동,36,3,0,0,1,0,0,1,1,0,0,0,0,4,0,1,0,1,6,2777.4,0
177,삼선동5가,3,1,0,0,0,0,0,0,0,0,0,1,0,0,0,0,1,1,1,826.6,0
178,삼전동,17,4,0,0,0,0,0,0,0,0,0,2,0,4,0,2,7,2,10,4742.2,0
179,삼청동,3,1,0,0,0,0,0,1,0,0,0,0,2,3,0,0,0,0,2,149,0
180,상계동,140,18,0,0,9,0,0,0,1,1,0,8,4,4,0,30,23,13,63,0,0
181,상도1동,46,5,0,0,1,0,0,0,0,0,0,0,4,0,0,2,6,2,2,1703.8,0
182,상도동,120,6,0,0,0,0,1,0,0,0,0,5,2,6,0,9,5,1,20,2331.6,0
183,상봉동,47,11,0,0,3,1,0,0,0,1,0,1,0,0,0,4,4,7,10,11810.8,0
184,상수동,15,3,0,0,1,0,0,0,0,1,0,0,0,0,0,3,9,4,3,2145.6,0
185,상왕십리동,14,3,0,0,0,0,0,0,0,0,18,0,0,0,0,1,2,1,2,5183.2,0
186,상월곡동,26,5,0,0,0,0,0,0,1,1,0,0,6,0,0,1,1,2,5,2593,0
187,상일동,55,7,0,0,0,0,1,1,0,0,0,0,0,2,0,2,10,10,6,4756,0
188,서교동,56,7,0,0,4,1,0,0,0,4,0,5,0,0,0,32,35,13,19,10780.4,0
189,서린동,2,1,0,0,0,1,0,0,0,0,0,2,0,0,0,1,2,1,2,813.6,0
190,서소문동,2,1,0,0,0,2,0,0,0,1,15,0,1,0,0,2,2,1,13,1810,0
191,서초동,123,20,0,0,1,3,0,1,1,7,0,2,2,3,0,20,34,12,204,8966,0
192,성내동,59,16,0,0,3,0,0,1,1,1,0,3,0,2,0,10,15,7,38,21479.2,0
193,성북동,28,2,0,0,0,2,0,1,0,0,0,0,9,1,0,4,2,0,7,582.6,5
194,성북동1가,11,2,0,0,0,0,0,1,0,0,0,0,1,1,0,2,1,0,0,1430.2,2
195,성산동,34,13,1,0,1,0,1,0,0,0,0,3,1,6,0,16,5,3,22,18895,2
196,성수동1가,37,10,0,0,0,0,0,0,0,2,0,1,6,8,1,11,25,11,19,14427.2,0
197,성수동2가,54,8,0,0,0,0,0,0,0,1,0,4,0,2,0,5,36,7,12,15015.8,0
198,세곡동,33,5,0,0,0,0,0,0,1,1,0,0,0,1,0,1,32,11,5,1054.6,0
199,소격동,3,1,0,0,0,5,0,0,0,0,0,0,1,0,0,1,3,0,0,861,0
200,송월동,2,1,0,0,0,0,0,0,0,0,0,0,0,0,0,0,0,0,0,180,0
201,송정동,17,4,0,0,0,0,0,1,0,0,0,0,0,5,0,1,3,2,5,3971.8,0
202,송파동,36,10,0,0,0,0,1,0,0,0,0,0,3,1,0,14,35,10,17,13942.6,0
203,송현동,1,1,0,0,0,0,0,0,0,0,0,0,0,0,0,0,0,1,0,1027.8,0
204,수색동,60,20,0,0,1,1,1,1,0,2,0,2,2,0,0,2,15,11,14,15294.8,0
205,수표동,3,1,0,0,0,0,0,1,0,0,8,0,0,0,0,0,3,0,3,573,0
206,순화동,1,1,0,0,0,0,0,0,0,0,54,0,0,0,0,1,0,1,2,389.8,0
207,숭인동,5,1,0,0,0,0,0,0,1,0,0,3,0,1,0,9,1,0,6,862.4,0
208,시흥동,114,9,0,0,0,0,1,0,0,5,0,11,7,5,0,12,91,25,35,3466.2,1
209,신계동,7,1,0,0,0,0,0,0,0,0,0,0,0,0,0,0,0,0,1,690.6,0
210,신공덕동,15,3,0,0,0,0,1,0,0,0,0,1,0,0,0,1,1,4,1,4646.6,0
211,신길동,50,5,0,0,0,0,0,0,0,0,0,6,1,0,0,11,7,1,92,0,0
212,신내동,71,12,0,0,0,0,0,0,0,0,0,0,0,3,0,4,6,4,13,6679.8,0
213,신당동,29,6,0,0,1,1,0,0,0,0,140,5,0,1,0,6,8,2,51,2586.6,0
214,신대방동,156,22,0,0,5,0,0,1,0,2,0,1,3,15,0,3,40,18,24,37280.8,0
215,신도림동,50,7,0,0,0,0,0,0,0,0,0,2,0,16,0,4,5,2,8,8239.2,0
216,신림동,114,8,0,0,0,0,0,0,0,0,0,6,10,4,1,47,25,5,30,8642.4,0
217,신문로1가,6,3,0,0,1,0,1,0,0,2,0,1,1,0,0,1,7,1,1,3492.6,0
218,신문로2가,3,1,0,0,0,1,0,2,0,0,0,0,0,0,0,1,1,0,1,692.6,0
219,신사동,69,11,1,0,3,2,0,0,1,3,0,2,0,5,0,17,44,17,31,11541.6,1
220,신사동,69,11,1,0,3,2,0,0,1,3,0,2,0,5,0,17,44,17,31,11541.6,1
221,신설동,18,4,0,0,0,0,0,0,1,0,0,2,0,0,0,3,2,2,8,5118.8,0
222,신수동,11,3,0,0,0,0,0,0,0,0,0,2,0,0,0,0,2,1,5,1462.2,0
223,신영동,33,4,0,0,0,1,0,2,0,0,0,0,4,0,0,0,2,2,2,401.8,0
224,신원동,21,7,0,0,0,0,0,1,0,0,0,0,0,0,0,0,205,58,1,2725.4,0
225,신월동,74,15,0,0,1,0,0,0,0,1,0,1,7,4,0,8,16,13,38,13113.4,0
226,신정동,121,22,0,0,2,0,2,1,1,1,0,3,0,3,0,34,13,12,52,26603.4,0
227,신정동,121,22,0,0,2,0,2,1,1,1,0,3,0,3,0,34,13,12,52,26603.4,0
228,신천동,12,2,1,0,0,0,0,0,0,0,0,9,1,0,0,6,5,3,9,4480.2,0
229,쌍림동,2,1,0,0,0,0,0,0,0,0,16,0,0,0,0,0,0,0,5,820.6,0
230,쌍문동,131,18,0,0,1,0,0,2,1,1,0,2,2,3,0,15,22,10,21,0,0
231,아현동,20,5,0,0,0,0,0,0,0,0,0,0,0,1,0,3,2,2,5,2972.6,1
232,안암동4가,6,2,0,0,0,0,0,0,0,0,0,0,0,0,0,2,1,0,1,5184.8,0
233,안암동5가,15,4,0,0,2,0,0,1,0,0,0,0,4,0,0,2,5,5,5,4695.2,0
234,압구정동,20,6,0,0,5,2,0,2,0,2,0,7,0,0,0,3,35,11,7,4817.8,0
235,양재동,65,12,0,0,0,0,1,0,1,0,0,1,1,8,2,12,9,9,74,10427.2,0
236,양평동,8,1,1,0,0,0,0,0,0,0,0,0,0,1,0,0,0,2,75,1676.2,0
237,양평동1가,12,3,0,0,0,0,0,0,0,0,0,2,0,0,0,1,5,2,22,5828.2,0
238,양평동2가,24,8,0,0,2,0,0,1,0,0,0,1,0,6,0,0,14,11,13,17197.2,0
239,양평동3가,4,3,1,0,0,0,1,0,0,0,0,2,0,3,0,0,0,2,3,3073.6,0
240,양평동4가,7,1,1,0,0,0,0,0,0,0,0,0,0,0,0,1,6,0,3,1358.2,0
241,양평동5가,10,3,1,0,0,0,0,0,0,0,0,0,0,0,0,1,3,1,3,6330.8,0
242,양평동6가,12,4,1,0,0,0,0,0,0,0,0,0,1,3,0,0,2,0,0,6284.4,0
243,여의도동,41,22,1,0,1,1,0,0,1,3,0,6,5,3,0,21,57,27,239,40142.2,0
244,역삼동,89,18,0,0,11,0,4,1,3,7,0,9,1,3,0,11,104,28,29,0,0
245,역촌동,56,6,0,0,0,0,1,0,0,0,0,4,0,0,0,2,3,8,25,10163.2,0
246,연건동,12,3,0,0,0,0,0,2,0,0,0,0,0,0,0,2,3,0,1,2854.4,1
247,연남동,45,6,0,0,0,0,0,0,0,0,0,2,0,0,0,13,17,14,3,6803.2,0
248,연지동,3,2,0,0,0,1,0,0,0,1,0,0,0,0,0,2,2,0,1,1411.2,0
249,연희동,63,7,0,0,0,0,1,1,0,1,0,1,1,10,0,3,10,11,12,6011.6,1
250,염곡동,31,8,0,0,0,0,0,0,0,0,0,0,1,2,0,0,0,1,0,872.4,0
251,염리동,14,1,0,0,0,0,1,0,0,2,0,2,0,3,0,5,3,1,2,0,0
252,염창동,51,15,1,0,0,0,0,0,1,0,0,4,0,2,0,3,7,6,15,22133.6,0
253,영등포동,15,3,0,0,0,0,0,0,0,0,0,1,0,0,0,3,1,1,95,3225.8,0
254,영등포동1가,12,5,0,0,0,0,1,0,0,0,0,0,0,1,0,0,6,2,2,6209.2,0
255,영등포동2가,6,4,0,0,0,0,0,0,0,1,0,0,1,0,0,0,2,0,4,5426.2,0
256,영등포동3가,8,1,0,0,2,0,0,0,0,0,0,1,0,0,0,1,6,2,1,3304,0
257,영등포동4가,10,1,0,0,2,0,0,0,0,0,0,2,0,0,0,4,3,4,1,3259.6,0
258,영등포동5가,4,2,0,0,1,0,0,0,0,0,0,6,0,0,0,0,1,2,0,3896,0
259,영등포동7가,8,5,0,0,0,0,0,0,1,0,0,0,0,0,0,1,2,0,3,3924,0
260,영등포동8가,15,6,1,0,0,0,0,0,0,0,0,1,0,2,0,1,5,1,6,6437.4,0
261,오류동,59,5,0,0,1,0,0,1,0,0,0,3,0,2,1,4,2,2,9,3317.2,0
262,옥수동,16,3,0,0,0,0,0,0,0,0,0,2,1,0,0,1,1,2,5,4665.8,0
263,온수동,21,2,0,0,0,0,0,0,0,0,0,0,0,0,0,0,19,8,5,787.8,0
264,외발산동,50,10,0,0,0,0,0,0,0,0,0,0,0,0,0,0,2,1,2,8409.4,0
265,용강동,7,2,0,0,0,0,0,0,0,0,0,0,0,2,0,2,6,1,4,2645,0
266,용답동,15,7,0,0,0,0,0,0,0,0,0,3,0,1,0,3,1,2,28,7105.8,0
267,용두동,30,10,0,0,0,0,0,1,0,0,0,5,0,0,0,11,1,0,11,12497.4,0
268,용문동,14,1,0,0,0,0,0,0,0,0,0,0,0,0,0,0,0,0,1,1338,1
269,용산동1가,0,1,0,0,0,0,0,1,0,0,0,0,0,0,0,0,0,0,0,78.6,0
270,용산동3가,2,2,0,0,0,0,0,0,0,0,0,0,0,0,0,0,2,0,1,411.8,0
271,용산동4가,9,4,0,0,0,0,1,0,0,0,0,0,0,0,0,0,4,0,0,1635,0
272,용산동5가,10,4,0,0,0,0,0,1,0,1,0,0,1,2,0,0,0,0,2,2276.8,1
273,용산동6가,7,1,1,0,0,0,0,1,0,0,0,3,1,5,0,0,1,0,0,1473,1
274,우면동,25,5,0,0,0,1,0,2,0,0,0,0,1,3,0,2,1,0,2,2800.4,0
275,운니동,2,1,0,0,0,0,1,0,0,0,0,0,0,0,0,1,0,0,1,895.6,0
276,원남동,3,1,0,0,0,0,0,0,0,0,0,0,0,0,0,1,0,1,2,816.8,0
277,원지동,7,2,0,0,0,0,0,0,1,0,0,0,0,0,0,0,62,15,2,944.8,0
278,원효로2가,9,1,0,0,0,0,0,0,0,0,0,0,0,0,0,1,0,0,1,313.6,0
279,원효로3가,7,2,1,0,1,0,0,0,0,0,0,1,0,0,0,0,2,0,2,1983,0
280,원효로4가,14,1,1,0,0,0,1,0,0,0,0,0,0,0,0,1,0,0,0,992.6,0
281,율현동,18,2,0,0,0,0,0,0,0,0,0,0,0,0,0,0,2,0,1,967.2,0
282,을지로1가,4,1,0,0,0,1,0,0,0,0,24,0,0,0,0,3,1,1,3,544.8,0
283,을지로2가,2,2,0,0,0,0,0,0,0,0,18,0,0,0,0,0,0,0,4,1615.4,0
284,을지로3가,2,1,0,0,0,0,0,0,0,0,1,0,0,0,0,1,1,1,5,970,0
285,을지로4가,3,2,0,0,0,0,0,0,0,1,9,1,0,0,0,0,0,0,4,1479.2,0
286,을지로5가,3,1,0,0,0,0,0,0,0,0,2,0,0,1,0,2,0,0,3,885.4,0
287,을지로7가,5,3,0,0,0,0,0,0,0,1,35,1,0,0,0,0,0,1,2,0,1
288,응봉동,39,4,0,0,0,0,0,0,0,0,0,0,0,18,0,0,2,0,5,4760.4,0
289,응암동,77,6,0,0,0,0,0,0,1,0,0,9,2,4,0,8,6,6,49,5872.4,0
290,의주로2가,5,2,0,0,0,0,0,0,0,0,5,0,0,0,0,0,1,0,1,726,1
291,이문동,26,5,0,0,0,0,0,0,0,0,0,7,0,1,0,6,3,1,10,5789.2,0
292,이촌동,7,4,1,0,0,0,0,0,0,0,0,1,0,8,0,1,0,0,14,4256,0
293,이태원동,29,4,0,0,0,2,0,0,0,0,0,2,1,1,1,7,15,6,19,975.4,1
294,인의동,2,1,0,0,0,0,0,0,0,0,0,2,0,0,0,0,0,0,0,1033.6,0
295,일원동,51,7,0,0,0,0,0,0,0,1,0,2,2,5,0,3,5,1,12,3916.8,0
296,자곡동,12,2,0,0,0,0,0,0,2,0,0,0,1,0,0,1,0,1,3,1720.2,0
297,자양동,38,11,1,0,0,1,1,0,1,0,0,7,0,9,0,10,5,9,43,22110.2,0
298,잠실동,32,16,1,0,4,1,2,0,0,3,0,6,0,12,1,9,24,7,45,20888,0
299,잠원동,30,8,1,0,0,0,0,0,0,0,0,3,0,10,0,9,10,5,30,7957,0
300,장교동,3,1,0,0,0,0,1,0,0,1,36,0,0,0,0,1,0,0,1,1000,0
301,장사동,5,2,0,0,0,0,0,0,0,0,0,0,0,0,0,2,2,0,0,1010,0
302,장안동,61,11,0,0,1,0,1,0,0,0,0,9,2,6,0,10,17,5,28,14830.6,0
303,장위동,105,8,0,0,0,0,0,0,0,1,0,9,3,4,0,5,6,2,27,0,0
304,장지동,57,15,0,0,2,0,0,0,0,0,0,0,0,0,0,3,21,7,6,8424.8,1
305,장충동2가,7,2,0,0,1,0,0,1,0,2,215,0,1,4,0,3,0,2,5,402.2,0
306,재동,8,1,0,0,0,1,0,0,1,0,0,0,1,0,0,2,1,0,0,637,0
307,저동1가,3,1,0,0,0,0,0,0,0,2,8,0,0,0,0,1,0,0,1,625.2,1
308,적선동,0,1,0,0,0,0,0,1,0,0,0,0,0,0,0,1,1,1,1,1879.6,0
309,전농동,26,11,0,0,1,0,0,0,2,1,0,4,2,1,0,12,4,2,13,6994.6,0
310,정동,0,1,0,0,0,3,0,1,0,1,95,0,1,0,0,2,1,1,7,615.4,1
311,제기동,19,3,0,0,0,0,0,2,0,1,0,8,0,2,0,1,7,1,5,3281.2,0
312,종로2가,6,3,0,0,1,0,0,0,0,0,0,0,0,0,0,3,0,0,5,2410.4,0
313,종로3가,2,2,0,0,3,0,0,0,0,3,0,2,0,0,0,1,0,1,4,1832.8,1
314,종로4가,4,3,0,0,0,0,0,0,0,0,0,0,0,0,0,0,1,0,2,2136.6,0
315,종로5가,4,4,0,0,0,0,0,0,0,1,0,0,0,0,0,13,2,2,4,1660.4,0
316,종로6가,5,3,0,0,0,0,0,1,0,0,0,3,0,0,0,8,3,2,7,2952.6,0
317,종암동,48,3,0,0,0,0,0,0,1,1,0,2,3,0,0,2,5,0,24,4943.2,0
318,주성동,1,1,1,0,0,0,0,0,0,0,0,0,0,0,0,1,0,0,0,806.6,0
319,중계동,74,21,0,0,0,1,2,0,1,2,0,5,4,4,0,28,13,8,42,25259.8,0
320,중곡동,80,6,0,0,0,0,0,0,1,0,0,3,0,2,0,15,11,4,33,5149.6,0
321,중동,40,12,0,0,0,0,1,0,0,0,0,0,0,3,0,0,5,2,0,0,0
322,중학동,1,1,0,0,0,0,1,0,0,0,0,1,0,0,0,0,0,0,1,1227.4,0
323,중화동,43,12,0,0,1,0,0,0,0,0,0,0,1,0,0,7,8,4,16,11145,0
324,증산동,22,5,0,0,0,0,0,0,1,0,0,1,0,6,0,3,4,3,14,7891,0
325,진관동,62,22,0,0,1,0,0,3,2,0,0,1,4,3,0,5,20,2,5,7463.4,0
326,창동,90,22,0,0,2,0,2,0,3,2,0,4,3,16,0,12,19,13,52,20905.6,0
327,창신동,10,4,0,0,0,0,0,0,0,1,0,4,0,3,0,7,1,2,9,3477.6,0
328,창전동,36,1,0,0,1,1,0,0,0,2,0,1,3,1,0,1,3,1,4,685.6,1
329,창천동,20,5,0,0,6,0,0,1,0,1,0,1,0,0,0,8,17,12,14,2535.6,0
330,천왕동,31,7,0,0,0,0,0,0,0,0,0,0,2,0,0,0,3,2,0,0,0
331,천호동,51,10,1,0,3,0,0,1,3,0,0,24,0,13,0,14,27,10,45,14858,0
332,청담동,16,2,0,0,1,2,0,0,2,1,0,4,0,3,0,5,29,8,10,1359.6,0
333,청암동,9,2,1,0,0,0,0,0,0,0,0,0,0,0,0,0,0,0,1,911.6,0
334,청진동,0,2,0,0,0,0,0,0,0,0,0,0,0,0,0,0,0,3,1,2095.4,0
335,청파동2가,7,1,0,0,0,0,0,2,1,0,0,0,0,0,0,3,2,2,1,1207,0
336,초동,1,1,0,0,1,0,0,0,0,1,9,0,0,0,0,1,6,0,2,557.8,0
337,충무로1가,1,1,0,0,0,0,0,0,0,0,1,3,0,0,0,1,1,1,8,606.4,0
338,충무로3가,0,1,0,0,0,0,0,0,0,0,1,0,0,0,0,3,1,1,5,664.4,0
339,충무로4가,2,1,0,0,1,0,0,0,0,1,8,1,0,0,0,0,3,0,5,1268.2,0
340,충신동,3,2,0,0,0,0,0,0,0,0,0,0,0,0,0,2,0,0,0,1045.8,0
341,충정로1가,5,1,0,0,1,0,0,1,0,2,40,0,0,0,0,0,0,0,0,1055.8,0
342,충정로3가,12,2,0,0,0,0,0,0,0,1,0,0,0,0,0,3,0,1,5,1266,0
343,태평로1가,8,2,0,0,0,2,0,1,1,1,40,0,2,0,0,3,6,1,5,3332,0
344,태평로2가,6,1,0,0,0,0,0,0,0,0,10,0,0,0,0,1,6,0,4,3.2,0
345,팔판동,5,2,0,0,0,3,0,1,0,0,0,0,1,0,0,0,1,0,0,963.8,0
346,평동,4,1,0,0,0,0,0,1,0,0,0,0,0,0,0,1,0,1,2,478.6,0
347,평창동,23,1,0,0,0,3,0,1,0,0,0,0,7,0,0,1,0,1,6,210.8,0
348,풍납동,29,9,0,0,0,0,0,0,0,0,0,1,0,8,0,9,4,3,10,7383.6,0
349,필운동,3,1,0,0,0,0,0,0,2,0,0,0,1,1,0,1,4,1,0,822.6,0
350,하왕십리동,20,8,0,0,0,0,0,0,0,0,8,0,0,1,0,3,1,1,6,2609.2,0
351,하월곡동,58,8,0,0,0,0,0,1,1,0,0,3,0,5,0,5,11,6,16,0,0
352,한강로1가,5,4,0,0,0,0,0,2,0,0,0,1,2,0,0,0,2,0,3,2158.6,1
353,한강로2가,6,2,0,0,0,2,0,0,0,0,0,5,0,0,0,2,13,2,5,2714.4,0
354,한강로3가,16,2,1,0,3,0,0,0,0,3,0,7,0,0,0,6,6,3,2,2963.8,0
355,한남동,36,4,0,0,1,10,2,0,0,5,6,1,2,0,0,8,16,4,24,1638,1
356,합동,2,2,0,0,0,0,0,0,0,0,1,0,0,0,0,1,0,0,0,0,0
357,합정동,22,3,1,0,1,1,0,2,0,1,0,1,0,0,0,5,20,8,7,5335.6,1
358,항동,29,12,0,0,0,0,0,0,0,0,0,0,0,0,0,0,60,29,0,2902.6,0
359,행당동,34,6,0,0,5,0,1,0,2,1,0,5,0,0,0,10,12,8,20,6057.6,0
360,현석동,6,1,0,0,0,0,0,0,0,0,0,0,0,0,0,0,0,0,0,901.8,0
361,현저동,6,1,0,0,0,0,0,1,1,0,0,0,3,1,0,2,0,0,2,76.2,2
362,혜화동,3,1,0,0,0,1,0,0,0,3,0,0,0,0,0,3,0,0,1,442,0
363,홍은동,61,7,0,0,0,0,0,0,0,0,0,0,4,4,0,2,1,1,10,0,0
364,홍익동,9,2,0,0,0,0,0,0,0,1,0,0,0,0,0,0,1,0,0,2105.2,0
365,홍제동,49,4,0,0,0,0,0,0,1,0,0,3,1,2,0,6,9,2,21,1539.2,1
366,홍지동,42,1,0,0,0,0,0,2,0,1,0,0,6,1,0,4,2,0,1,499.8,2
367,화곡동,119,7,0,0,3,0,0,0,0,2,0,4,7,0,0,22,21,5,50,7864.8,0
368,화양동,26,17,0,0,9,0,2,1,0,1,0,2,0,3,0,5,31,11,43,23077.6,0
369,황학동,8,1,0,0,1,0,1,0,0,0,16,2,0,0,0,0,6,1,3,2106,0
370,회기동,23,2,0,0,2,0,1,2,2,0,0,4,1,0,0,3,9,12,4,2288.2,0
371,회현동2가,3,1,0,0,0,0,0,0,0,0,17,0,0,0,0,0,0,1,2,226.2,0
372,효자동,3,1,0,0,0,0,0,0,0,0,0,0,0,0,0,0,0,1,1,723.8,0
373,휘경동,44,8,0,0,0,0,0,0,0,0,0,0,3,0,0,6,3,4,15,9998.4,0
374,흑석동,47,9,0,0,0,0,0,0,0,0,0,1,5,3,0,5,1,3,5,5392.2,0
375,흥인동,8,4,0,0,0,0,0,0,0,0,53,1,0,0,0,0,1,2,2,4178.6,0
376,관철동,0,0,0,0,2,1,0,0,0,0,0,0,0,0,0,0,3,0,5,0,0
377,남대문로2가,5,0,0,0,2,0,0,0,0,1,0,1,0,0,0,0,0,2,2,0,0
378,돈의동,0,0,0,0,3,0,0,0,0,0,0,0,0,0,0,0,7,1,0,0,0
379,동숭동,3,0,0,0,3,2,0,1,0,12,0,0,0,0,0,4,4,1,2,0,0
380,삼각동,1,0,0,0,1,0,0,0,0,0,0,0,0,0,0,0,0,0,2,0,0
381,예지동,2,0,0,0,1,0,0,0,0,0,0,2,0,0,0,2,0,1,9,0,0
382,용산동2가,23,0,0,0,1,0,0,0,0,1,0,0,0,0,0,4,8,1,1,0,1
383,을지로6가,4,0,0,0,2,0,0,0,0,0,46,6,0,0,0,38,4,3,11,0,0
384,주자동,0,0,0,0,1,2,0,0,0,0,6,0,0,0,0,0,0,0,1,0,0
385,회현동3가,3,0,0,0,1,2,0,0,0,0,9,0,0,0,0,0,0,1,1,0,0
386,견지동,3,0,0,0,0,6,0,3,0,0,0,0,0,0,0,1,0,0,0,0,0
387,계동,3,0,0,0,0,0,0,1,0,0,0,0,0,0,0,5,1,0,0,0,0
388,과해동,8,0,0,0,0,0,0,1,4,0,0,2,0,0,0,0,5,4,0,0,0
389,관수동,4,0,0,0,0,0,0,0,0,0,0,0,0,0,0,0,0,1,1,0,0
390,관훈동,0,0,0,0,0,17,0,1,0,0,0,0,0,0,0,4,0,1,5,0,1
391,광희동1가,1,0,0,0,0,0,0,0,0,0,34,0,0,0,0,0,0,0,1,0,0
392,구기동,6,0,0,0,0,0,0,0,0,0,0,0,0,0,0,0,0,0,1,0,0
393,권농동,3,0,0,0,0,0,2,0,0,1,0,0,0,0,0,0,0,0,0,0,0
394,남산동1가,0,0,0,0,0,0,0,1,0,0,5,0,0,0,0,0,0,0,1,0,0
395,남산동2가,2,0,0,0,0,1,0,0,0,0,30,0,1,0,0,2,0,0,0,0,0
396,남산동3가,0,0,0,0,0,0,1,0,0,2,29,0,0,0,0,0,0,1,0,0,0
397,남학동,0,0,0,0,0,0,0,0,0,0,11,0,0,0,0,0,1,0,0,0,0
398,내수동,0,0,0,0,0,1,0,0,0,0,0,0,0,0,0,0,1,0,2,0,0
399,냉천동,5,0,0,0,0,0,0,0,0,0,0,0,0,0,0,3,0,0,0,0,0
400,누상동,0,0,0,0,0,0,0,1,0,0,0,0,2,2,0,2,0,0,1,0,0
401,누하동,3,0,0,0,0,3,0,0,0,1,0,0,0,0,0,2,1,1,0,0,0
402,다동,0,0,0,0,0,0,0,0,0,1,5,0,0,0,0,0,2,1,8,0,0
403,당산동5가,9,0,1,0,0,0,0,0,0,0,0,1,0,0,0,3,1,0,10,0,0
404,동빙고동,6,0,0,0,0,0,0,0,0,1,0,0,0,0,0,0,1,0,0,0,0
405,동선동5가,1,0,0,0,0,0,0,0,0,0,0,0,0,0,0,0,1,0,0,0,0
406,동소문동1가,0,0,0,0,0,0,1,0,0,0,0,0,0,0,0,1,0,1,1,0,0
407,동소문동4가,14,0,0,0,0,0,1,0,0,0,0,0,0,1,0,2,0,1,0,0,0
408,동소문동6가,3,0,0,0,0,0,0,0,0,0,0,0,0,1,0,1,0,1,1,0,0
409,명동2가,0,0,0,0,0,0,0,0,0,0,8,2,0,0,0,8,3,0,2,0,0
410,명륜3가,8,0,0,0,0,0,0,0,0,0,0,0,0,1,0,1,0,0,1,0,0
411,방산동,2,0,0,0,0,0,0,0,0,0,9,0,0,0,0,1,1,0,0,0,0
412,보문동5가,0,0,0,0,0,0,0,0,0,0,0,0,0,0,0,0,0,0,4,0,0
413,봉원동,2,0,0,0,0,0,0,0,0,0,0,0,1,1,0,0,0,0,1,0,2
414,봉익동,0,0,0,0,0,0,0,0,0,0,0,0,0,0,0,0,0,0,0,0,0
415,북창동,0,0,0,0,0,1,0,0,0,0,0,0,0,0,0,1,1,2,0,0,0
416,사간동,2,0,0,0,0,2,0,0,0,0,0,0,0,0,0,1,0,0,0,0,0
417,산림동,3,0,0,0,0,0,0,0,0,0,1,1,0,0,0,1,1,0,2,0,0
418,산천동,4,0,1,0,0,0,0,0,0,0,0,1,0,1,0,0,0,0,0,0,0
419,삼선동1가,0,0,0,0,0,0,0,1,0,0,0,2,0,0,0,0,0,0,2,0,0
420,삼선동2가,12,0,0,0,0,0,0,0,0,0,0,0,0,0,0,0,0,1,0,0,0
421,삼선동3가,2,0,0,0,0,0,0,0,0,0,0,0,0,1,0,0,0,0,0,0,0
422,삼선동4가,1,0,0,0,0,0,0,0,0,0,0,0,0,0,0,0,1,0,1,0,0
423,서계동,3,0,0,0,0,0,0,0,1,3,0,1,0,0,0,1,1,0,2,0,0
424,세종로,0,0,0,0,0,0,0,0,0,0,0,0,1,0,0,2,1,0,4,0,0
425,수송동,0,0,0,0,0,0,0,0,1,0,0,0,1,0,0,1,2,0,1,0,0
426,수하동,0,0,0,0,0,0,0,0,0,0,4,0,0,0,0,0,0,0,0,0,0
427,신교동,0,0,0,0,0,0,0,0,0,0,0,0,0,1,0,0,0,0,0,0,0
428,신창동,4,0,1,0,0,0,0,0,0,0,0,0,0,0,0,0,0,0,0,0,0
429,안국동,4,0,0,0,0,0,0,0,0,0,0,0,0,0,0,2,1,0,2,0,0
430,안암동1가,3,0,0,0,0,0,0,0,0,0,0,0,0,0,0,0,1,0,0,0,0
431,안암동2가,9,0,0,0,0,0,0,0,0,0,0,0,0,0,0,1,0,0,1,0,0
432,안암동3가,1,0,0,0,0,0,0,0,0,0,0,0,0,0,0,0,1,0,0,0,0
433,양화동,2,0,1,0,0,0,0,0,0,0,0,0,0,1,0,0,0,0,1,0,0
434,영등포동6가,6,0,0,0,0,0,0,0,0,0,0,0,0,0,0,0,10,0,2,0,0
435,영천동,5,0,0,0,0,0,0,0,0,0,0,0,0,0,0,0,0,1,2,0,0
436,예관동,1,0,0,0,0,0,0,0,0,0,67,0,0,0,0,0,0,0,1,0,0
437,오곡동,3,0,0,0,0,0,0,1,0,0,0,0,0,0,0,0,35,9,2,0,0
438,오쇠동,2,0,0,0,0,0,0,0,0,0,0,0,0,0,0,0,2,2,1,0,0
439,오장동,0,0,0,0,0,0,0,0,0,0,11,0,0,0,0,0,1,1,2,0,0
440,옥인동,1,0,0,0,0,0,0,0,0,0,0,0,1,0,0,1,0,0,2,0,2
441,옥천동,1,0,0,0,0,0,0,0,0,0,0,0,0,0,0,0,1,0,0,0,0
442,원서동,5,0,0,0,0,0,0,0,0,0,0,0,0,0,0,0,0,0,0,0,0
443,원효로1가,8,0,0,0,0,0,0,0,1,1,0,0,0,0,0,0,3,0,1,0,0
444,의주로1가,2,0,0,0,0,1,0,0,0,0,59,0,0,0,0,0,0,1,0,0,1
445,익선동,1,0,0,0,0,0,0,0,1,1,0,0,0,0,0,1,1,1,0,0,0
446,인사동,0,0,0,0,0,6,0,0,0,0,0,0,0,0,0,2,1,0,3,0,0
447,인현동1가,0,0,0,0,0,0,0,0,0,0,2,0,0,0,0,0,2,0,2,0,0
448,인현동2가,0,0,0,0,0,0,0,0,0,0,29,0,0,0,0,0,0,1,2,0,0
449,입정동,0,0,0,0,0,0,0,0,0,0,1,0,0,0,0,0,1,0,0,0,0
450,저동2가,0,0,0,0,0,1,0,0,0,0,14,0,0,0,0,0,1,0,3,0,0
451,주교동,1,0,0,0,0,0,0,0,0,0,5,0,0,0,0,0,0,0,4,0,0
452,중림동,10,0,0,0,0,0,0,0,0,0,15,0,0,0,0,2,1,2,4,0,1
453,창성동,1,0,0,0,0,0,0,0,0,0,0,0,0,0,0,0,0,1,0,0,0
454,청파동1가,6,0,0,0,0,0,0,0,0,0,0,0,0,0,0,1,5,1,1,0,0
455,청파동3가,1,0,0,0,0,1,0,0,0,0,0,0,0,1,0,2,1,1,1,0,0
456,체부동,0,0,0,0,0,1,0,0,0,0,0,0,0,0,0,1,0,0,0,0,0
457,충무로2가,0,0,0,0,0,1,0,1,0,0,32,0,0,0,0,3,0,0,10,0,0
458,충무로5가,2,0,0,0,0,0,0,0,0,0,24,0,0,0,0,0,0,0,6,0,0
459,충정로2가,11,0,0,0,0,0,0,0,0,0,0,0,0,0,0,3,4,3,2,0,0
460,토정동,0,0,1,0,0,0,0,0,0,0,0,0,0,0,0,0,0,0,0,0,0
461,통의동,4,0,0,0,0,1,0,0,0,0,0,0,2,0,0,2,1,0,1,0,0
462,통인동,7,0,0,0,0,0,0,0,0,0,0,0,0,0,0,2,3,1,0,0,0
463,필동1가,4,0,0,0,0,0,0,0,0,1,12,0,0,0,0,0,1,1,3,0,0
464,필동3가,0,0,0,0,0,0,0,0,0,0,53,0,0,0,0,1,0,0,1,0,0
465,하중동,4,0,0,0,0,0,0,0,0,0,0,0,0,0,0,0,0,1,0,0,0
466,행촌동,6,0,0,0,0,0,0,0,1,1,0,0,0,0,0,0,0,0,0,0,0
467,홍파동,2,0,0,0,0,0,0,0,0,0,0,0,0,0,0,0,0,0,1,0,0
468,화동,0,0,0,0,0,1,0,2,1,0,0,0,0,0,0,0,0,1,0,0,0
469,효제동,4,0,0,0,0,0,0,0,0,0,0,0,0,0,0,1,0,1,0,0,0
470,가양3동,0,0,0,0,0,0,0,0,0,0,0,0,0,0,0,0,0,0,1,0,0
471,가좌동,0,0,0,0,0,0,0,0,0,0,0,0,0,0,0,0,0,0,1,0,0
472,개방,0,0,0,0,0,0,0,0,0,0,0,0,0,0,0,0,0,0,1,0,0
473,광희동,0,0,0,0,0,0,0,0,0,0,0,0,0,0,0,0,0,0,2,0,0
474,구로,0,0,0,0,0,0,0,0,0,0,0,0,0,0,0,0,0,0,1,0,0
475,구의1동,0,0,0,0,0,0,0,0,0,0,0,0,0,0,0,0,0,0,1,0,0
476,구의3동,0,0,0,0,0,0,0,0,0,0,0,0,0,0,0,0,0,0,2,0,0
477,금호동,0,0,0,0,0,0,0,0,0,0,0,0,0,0,0,0,0,0,9,0,0
478,길음2동,0,0,0,0,0,0,0,0,0,0,0,0,0,0,0,0,0,0,1,0,0
479,길현동,0,0,0,0,0,0,0,0,0,0,0,0,0,0,0,0,0,0,2,0,0
480,낙성대동,0,0,0,0,0,0,0,0,0,0,0,0,0,0,0,0,0,0,1,0,0
481,난곡동,0,0,0,0,0,0,0,0,0,0,0,0,0,0,0,0,0,0,1,0,0
482,난향동,0,0,0,0,0,0,0,0,0,0,0,0,0,0,0,0,0,0,1,0,0
483,노유동,0,0,0,0,0,0,0,0,0,0,0,0,0,0,0,0,0,0,3,0,0
484,당산동1가동,0,0,0,0,0,0,0,0,0,0,0,0,0,0,0,0,0,0,2,0,0
485,대학동,0,0,0,0,0,0,0,0,0,0,0,0,0,0,0,0,0,0,2,0,0
486,동선동,0,0,0,0,0,0,0,0,0,0,0,0,0,0,0,0,0,0,3,0,0
487,동소문동,0,0,0,0,0,0,0,0,0,0,0,0,0,0,0,0,0,0,2,0,0
488,동촌동,0,0,0,0,0,0,0,0,0,0,0,0,0,0,0,0,0,0,1,0,0
489,등소문동3가,0,0,0,0,0,0,0,0,0,0,0,0,0,0,0,0,0,0,1,0,0
490,등촌1동,0,0,0,0,0,0,0,0,0,0,0,0,0,0,0,0,0,0,1,0,0
491,등폰동,0,0,0,0,0,0,0,0,0,0,0,0,0,0,0,0,0,0,1,0,0
492,만리동,0,0,0,0,0,0,0,0,0,0,0,0,0,0,0,0,0,0,1,0,0
493,면목,0,0,0,0,0,0,0,0,0,0,0,0,0,0,0,0,0,0,1,0,0
494,명동,0,0,0,0,0,0,0,0,0,0,0,0,0,0,0,0,0,0,17,0,0
495,명륜동,0,0,0,0,0,0,0,0,0,0,0,0,0,0,0,0,0,0,2,0,0
496,모진동,0,0,0,0,0,0,0,0,0,0,0,0,0,0,0,0,0,0,3,0,0
497,무래동,0,0,0,0,0,0,0,0,0,0,0,0,0,0,0,0,0,0,1,0,0
498,문래동,0,0,0,0,0,0,0,0,0,0,0,0,0,0,0,0,0,0,59,0,0
499,미성동,0,0,0,0,0,0,0,0,0,0,0,0,0,0,0,0,0,0,1,0,0
500,미장동,0,0,0,0,0,0,0,0,0,0,0,0,0,0,0,0,0,0,1,0,0
501,반이동,0,0,0,0,0,0,0,0,0,0,0,0,0,0,0,0,0,0,1,0,0
502,발산동,0,0,0,0,0,0,0,0,0,0,0,0,0,0,0,0,0,0,3,0,0
503,보건소,0,0,0,0,0,0,0,0,0,0,0,0,0,0,0,0,0,0,1,0,0
504,보라매동,0,0,0,0,0,0,0,0,0,0,0,0,0,0,0,0,0,0,2,0,0
505,보문동,0,0,0,0,0,0,0,0,0,0,0,0,0,0,0,0,0,0,11,0,0
506,보문옹,0,0,0,0,0,0,0,0,0,0,0,0,0,0,0,0,0,0,1,0,0
507,삼선동,0,0,0,0,0,0,0,0,0,0,0,0,0,0,0,0,0,0,5,0,0
508,상계9동,0,0,0,0,0,0,0,0,0,0,0,0,0,0,0,0,0,0,1,0,0
509,상동동,0,0,0,0,0,0,0,0,0,0,0,0,0,0,0,0,0,0,1,0,0
510,서강동,0,0,0,0,0,0,0,0,0,0,0,0,0,0,0,0,0,0,1,0,0
511,서대문동,0,0,0,0,0,0,0,0,0,0,0,0,0,0,0,0,0,0,1,0,0
512,서림동,0,0,0,0,0,0,0,0,0,0,0,0,0,0,0,0,0,0,1,0,0
513,서원동,0,0,0,0,0,0,0,0,0,0,0,0,0,0,0,0,0,0,1,0,0
514,서초,0,0,0,0,0,0,0,0,0,0,0,0,0,0,0,0,0,0,1,0,0
515,성대동,0,0,0,0,0,0,0,0,0,0,0,0,0,0,0,0,0,0,1,0,0
516,성복동,0,0,0,0,0,0,0,0,0,0,0,0,0,0,0,0,0,0,1,0,0
517,성산동2가,0,0,0,0,0,0,0,0,0,0,0,0,0,0,0,0,0,0,1,0,0
518,성수동,0,0,0,0,0,0,0,0,0,0,0,0,0,0,0,0,0,0,6,0,0
519,성현동,0,0,0,0,0,0,0,0,0,0,0,0,0,0,0,0,0,0,1,0,0
520,송천동,0,0,0,0,0,0,0,0,0,0,0,0,0,0,0,0,0,0,2,0,0
521,송파구,0,0,0,0,0,0,0,0,0,0,0,0,0,0,0,0,0,0,1,0,0
522,수궁동,0,0,0,0,0,0,0,0,0,0,0,0,0,0,0,0,0,0,1,0,0
523,수유3동,0,0,0,0,0,0,0,0,0,0,0,0,0,0,0,0,0,0,1,0,0
524,신갈동,0,0,0,0,0,0,0,0,0,0,0,0,0,0,0,0,0,0,1,0,0
525,신당1동,0,0,0,0,0,0,0,0,0,0,0,0,0,0,0,0,0,0,1,0,0
526,신사,0,0,0,0,0,0,0,0,0,0,0,0,0,0,0,0,0,0,1,0,0
527,신시동,0,0,0,0,0,0,0,0,0,0,0,0,0,0,0,0,0,0,1,0,0
528,신청동,0,0,0,0,0,0,0,0,0,0,0,0,0,0,0,0,0,0,2,0,0
529,신촌로,0,0,0,0,0,0,0,0,0,0,0,0,0,0,0,0,0,0,1,0,0
530,안암동,0,0,0,0,0,0,0,0,0,0,0,0,0,0,0,0,0,0,2,0,0
531,알원본동,0,0,0,0,0,0,0,0,0,0,0,0,0,0,0,0,0,0,1,0,0
532,여의도,0,0,0,0,0,0,0,0,0,0,0,0,0,0,0,0,0,0,1,0,0
533,여의도도,0,0,0,0,0,0,0,0,0,0,0,0,0,0,0,0,0,0,1,0,0
534,연촌동,0,0,0,0,0,0,0,0,0,0,0,0,0,0,0,0,0,0,1,0,0
535,연화동,0,0,0,0,0,0,0,0,0,0,0,0,0,0,0,0,0,0,1,0,0
536,연회동,0,0,0,0,0,0,0,0,0,0,0,0,0,0,0,0,0,0,4,0,0
537,영등포1동,0,0,0,0,0,0,0,0,0,0,0,0,0,0,0,0,0,0,1,0,0
538,오리동,0,0,0,0,0,0,0,0,0,0,0,0,0,0,0,0,0,0,1,0,0
539,왕십리동,0,0,0,0,0,0,0,0,0,0,0,0,0,0,0,0,0,0,3,0,0
540,용산2가동,0,0,0,0,0,0,0,0,0,0,0,0,0,0,0,0,0,0,1,0,0
541,용산동,0,0,0,0,0,0,0,0,0,0,0,0,0,0,0,0,0,0,1,0,0
542,용신동,0,0,0,0,0,0,0,0,0,0,0,0,0,0,0,0,0,0,5,0,0
543,용암동,0,0,0,0,0,0,0,0,0,0,0,0,0,0,0,0,0,0,1,0,0
544,우장산동,0,0,0,0,0,0,0,0,0,0,0,0,0,0,0,0,0,0,3,0,0
545,원효동,0,0,0,0,0,0,0,0,0,0,0,0,0,0,0,0,0,0,1,0,0
546,원효로동,0,0,0,0,0,0,0,0,0,0,0,0,0,0,0,0,0,0,1,0,0
547,월곡동,0,0,0,0,0,0,0,0,0,0,0,0,0,0,0,0,0,0,10,0,0
548,은천동,0,0,0,0,0,0,0,0,0,0,0,0,0,0,0,0,0,0,1,0,0
549,을지로3가치안센터,0,0,0,0,0,0,0,0,0,0,0,0,0,0,0,0,0,0,1,0,0
550,을지로동,0,0,0,0,0,0,0,0,0,0,0,0,0,0,0,0,0,0,3,0,0
551,음암동,0,0,0,0,0,0,0,0,0,0,0,0,0,0,0,0,0,0,2,0,0
552,음앙동,0,0,0,0,0,0,0,0,0,0,0,0,0,0,0,0,0,0,1,0,0
553,인수동,0,0,0,0,0,0,0,0,0,0,0,0,0,0,0,0,0,0,1,0,0
554,인현동,0,0,0,0,0,0,0,0,0,0,0,0,0,0,0,0,0,0,1,0,0
555,자양1동,0,0,0,0,0,0,0,0,0,0,0,0,0,0,0,0,0,0,1,0,0
556,자양도,0,0,0,0,0,0,0,0,0,0,0,0,0,0,0,0,0,0,1,0,0
557,장위2동,0,0,0,0,0,0,0,0,0,0,0,0,0,0,0,0,0,0,1,0,0
558,장충동,0,0,0,0,0,0,0,0,0,0,0,0,0,0,0,0,0,0,4,0,0
559,장한동,0,0,0,0,0,0,0,0,0,0,0,0,0,0,0,0,0,0,1,0,0
560,조원동,0,0,0,0,0,0,0,0,0,0,0,0,0,0,0,0,0,0,2,0,0
561,종로가동,0,0,0,0,0,0,0,0,0,0,0,0,0,0,0,0,0,0,1,0,0
562,종로동,0,0,0,0,0,0,0,0,0,0,0,0,0,0,0,0,0,0,2,0,0
563,중곡2동,0,0,0,0,0,0,0,0,0,0,0,0,0,0,0,0,0,0,1,0,0
564,중곡4동,0,0,0,0,0,0,0,0,0,0,0,0,0,0,0,0,0,0,1,0,0
565,중앙동,0,0,0,0,0,0,0,0,0,0,0,0,0,0,0,0,0,0,1,0,0
566,창신,0,0,0,0,0,0,0,0,0,0,0,0,0,0,0,0,0,0,1,0,0
567,청룡동,0,0,0,0,0,0,0,0,0,0,0,0,0,0,0,0,0,0,1,0,0
568,청림동,0,0,0,0,0,0,0,0,0,0,0,0,0,0,0,0,0,0,1,0,0
569,청파동,0,0,0,0,0,0,0,0,0,0,0,0,0,0,0,0,0,0,1,0,0
570,충정로,0,0,0,0,0,0,0,0,0,0,0,0,0,0,0,0,0,0,2,0,0
571,충현동,0,0,0,0,0,0,0,0,0,0,0,0,0,0,0,0,0,0,4,0,0
572,치전트,0,0,0,0,0,0,0,0,0,0,0,0,0,0,0,0,0,0,1,0,0
573,필동,0,0,0,0,0,0,0,0,0,0,0,0,0,0,0,0,0,0,3,0,0
574,한강로3가동,0,0,0,0,0,0,0,0,0,0,0,0,0,0,0,0,0,0,3,0,0
575,한강로동,0,0,0,0,0,0,0,0,0,0,0,0,0,0,0,0,0,0,2,0,0
576,해화동,0,0,0,0,0,0,0,0,0,0,0,0,0,0,0,0,0,0,1,0,0
577,화곡1동,0,0,0,0,0,0,0,0,0,0,0,0,0,0,0,0,0,0,2,0,0
578,화곡2동,0,0,0,0,0,0,0,0,0,0,0,0,0,0,0,0,0,0,1,0,0
579,화곡본동,0,0,0,0,0,0,0,0,0,0,0,0,0,0,0,0,0,0,2,0,0
580,회현동,0,0,0,0,0,0,0,0,0,0,0,0,0,0,0,0,0,0,16,0,0
581,효청동,0,0,0,0,0,0,0,0,0,0,0,0,0,0,0,0,0,0,1,0,0
582,0,0,0,0,0,0,0,0,0,0,0,0,0,0,0,0,0,0,0,26,0,0
