,company,brand,category,estb_date,com_type,register_date,asset_2018,debt_2018,equity_2018,sales_2018,opr_2018,ni_2018,asset_2019,debt_2019,equity_2019,sales_2019,opr_2019,ni_2019,asset_2020,debt_2020,equity_2020,sales_2020,opr_2020,ni_2020,emp_임원,emp_직원,emp_total,n_brand,family_com,fran_start_year,total_store_2018, com_own_store_2018, fran_store_2018,total_store_2019, com_own_store_2019, fran_store_2019,total_store_2020, com_own_store_2020, fran_store_2020,new_store_2018, finish_1_store_2018, finish_2_store_2018,new_store_2019, finish_1_store_2019, finish_2_store_2019,new_store_2020, finish_1_store_2020, finish_2_store_2020,sub_hq, adv_fee, sales_fee, fran_type, deposit_fee,violation_1, violation_2, violation_3,fran_fee, traing_fee, deposit, etc_fee, total_fee,interior_fee_per_area, area_criterion, total_interior_fee,contract_term_initial, contract_term_re
296,(주)향기내는사람들,히즈빈스(HISBEANS),커피,2010.09.13,법인,2018.03.23,"390,625","321,228","69,397","1,409,061","-87,117","-42,240","534,346","459,685","74,661","1,385,903","-193,403","5,263","518,047","437,008","81,039","2,148,677","-226,530","6,377",1,58,59,1,0,8/23/2013,11,4,7,10,4,6,13,5,8,2,0,0,1,0,2,3,0,0,0,"3,559",0,보험,"16,940",0,0,0,"11,000","5,940",0,"126,970","143,910","2,692",99,"80,750",3,2
851,(주)더본코리아,빽다방,커피,2007.06.11,법인,2009.10.30,"84,998,333","35,339,190","49,659,143","174,084,567","12,807,635","5,982,224","89,729,934","33,465,620","56,264,314","177,629,625","10,198,075","6,586,517","109,014,451","44,715,637","64,298,814","120,090,805","11,268,245","7,953,088",4,249,253,21,0,9/7/2009,544,5,539,577,6,571,620,3,617,35,0,18,40,0,8,54,0,8,0,"86,613","1,649,733",예치제,"11,600",0,0,0,"6,050",550,"5,000","72,749","84,349","1,650",50,"24,750",2,1
909,블루빈컴퍼니(주),라떼킹,커피,2011.10.11,법인,2011.03.22,"2,458,387","2,103,382","355,005","1,426,909","46,730","4,946","2,481,129","2,005,187","475,942","8,453,468","184,245","120,936","2,914,459","2,301,938","612,521","6,582,726","161,512","136,578",2,4,6,2,0,3/17/2009,24,0,24,17,1,16,13,1,12,0,0,7,1,0,9,0,0,4,0,803,0,예치제,"14,000",0,0,0,"5,500","5,500","3,000","71,500","85,500","3,053",33,"30,525",3,2
910,블루빈컴퍼니(주),시나본,커피,2011.10.11,법인,2018.11.09,"2,458,387","2,103,382","355,005","1,426,909","46,730","4,946","2,481,129","2,005,187","475,942","8,453,468","184,245","120,936","2,914,459","2,301,938","612,521","6,582,726","161,512","136,578",2,4,6,2,0,1/16/2019,1,1,0,18,18,0,26,1,25,0,0,0,0,0,0,28,3,0,0,"54,186",0,예치제,"26,500",0,0,0,"11,000","5,500","10,000","86,680","113,180","1,980",66,"39,600",1,1
946,(주)디앤지에프씨,씨이십칠(C27),커피,2015.02.24,법인,2016.07.29,"3,078,551","2,726,020","352,531","5,386,463","407,453","357,159","3,635,805","3,567,484","68,321","6,841,753","-274,774","-284,211","3,698,394","3,469,143","229,251","7,970,755","161,273","160,930",2,39,41,3,2,1/20/2017,8,6,2,11,9,2,12,10,2,2,0,0,0,0,0,0,0,0,0,"17,349",0,예치제,"23,200",0,0,0,"13,200",0,"10,000","328,625","351,825","2,475",182,"136,125",3,2
951,(주)세컨드찬스,엑소엑소핫도그앤커피,커피,2015.07.17,법인,2016.04.07,"3,275,505","2,495,438","780,067","16,029,612","227,824","198,972","12,638,926","10,414,057","2,224,869","33,672,543","540,683","390,407","10,204,709","5,882,172","4,322,537","32,283,951","660,875","645,347",4,27,31,2,1,4/22/2016,168,0,168,159,0,159,145,0,145,48,4,0,2,0,11,0,0,14,1,"506,812",0,해당없음,"8,300",0,0,0,"2,200","1,100","5,000","60,720","69,020","2,750",33,"27,500",2,1
1019,(주)엘케이디앤,카페동네,커피,2016.01.11,법인,2021.01.27,"353,171","234,044","119,127","777,775","92,320","88,678","556,643","394,912","161,731","783,786","48,475","42,604","854,723","634,996","219,727","877,455","51,230","57,996",2,8,10,1,0,1/6/2016,2,0,2,3,0,3,3,0,3,0,0,0,1,0,0,0,0,0,0,"2,755",0,보험,"17,100",0,0,0,"5,500","6,600","5,000","131,780","148,880","2,383",99,"71,500",3,3
1073,(주)커피에반하다,커피에반하다,커피,2013.07.19,법인,2015.06.18,"7,025,698","5,446,475","1,579,223","11,805,944","470,830","251,005","9,910,549","6,860,138","3,050,411","14,001,142","743,902","471,233","10,348,172","6,407,467","3,940,705","17,200,767","911,241","735,653",2,50,52,1,0,3/30/2011,457,0,457,589,0,589,688,0,688,109,0,22,164,0,32,155,0,56,0,"243,544",0,해당없음,0,0,0,0,0,0,0,"52,250","52,250","1,760",33,"17,600",2,1
1120,(주)매머드커피랩,매머드익스프레스(MammothExpress),커피,2012.12.03,법인,2016.11.09,"3,082,355","2,493,414","588,941","8,444,227","363,833","281,950","3,703,592","2,957,353","746,239","10,974,574","225,907","157,298","4,365,130","2,987,687","1,377,443","13,262,117","370,381","114,177",3,65,68,2,0,12/1/2016,18,0,18,45,2,43,84,1,83,17,0,0,25,0,0,47,0,7,0,"219,512",0,예치제,"16,500",0,0,0,"11,000","5,500",0,"72,600","89,100","2,888",26,"23,100",5,2
1121,(주)매머드커피랩,매머드커피(Mammothcoffee),커피,2012.12.03,법인,2014.08.13,"3,082,355","2,493,414","588,941","8,444,227","363,833","281,950","3,703,592","2,957,353","746,239","10,974,574","225,907","157,298","4,365,130","2,987,687","1,377,443","13,262,117","370,381","114,177",3,65,68,2,0,7/26/2013,99,2,97,93,2,91,71,1,70,17,0,21,11,0,17,3,0,24,0,"219,512",0,예치제,"16,500",0,0,0,"11,000","5,500",0,"72,330","88,830","2,888",26,"23,100",5,2
1390,연두커피인터내셔날(주),드립앤더치,커피,2012.03.08,법인,2012.10.04,"2,057,219","1,461,398","595,821","1,994,762","-15,878","-38,078","2,449,129","1,832,283","616,846","1,364,941","28,360","21,024","2,388,529","1,711,408","677,121","1,319,928","80,877","60,274",1,10,11,1,0,3/15/2012,5,0,5,5,0,5,3,0,3,0,2,0,0,0,0,1,0,3,0,"2,949",0,예치제,"21,000",0,0,0,"6,600","4,400","10,000","232,430","253,430","2,695",132,"107,800",3,1
1452,(주)카페도헤이,카페도헤이왕의커피,커피,2012.05.21,법인,2016.03.24,"334,533","581,926","-247,393","630,149","-26,695","15,825","528,736","776,172","-247,436","632,777","-13,140",-43,"600,161","879,990","-279,829","607,876","-54,365","-32,393",3,7,10,1,0,4/20/2016,13,1,12,13,1,12,18,1,17,6,0,0,3,0,3,6,0,1,0,0,0,해당없음,0,0,0,0,0,0,0,"46,700","46,700","2,120",33,"21,200",2,1
1491,(주)카페보스,카페보스(CAFEBOSS),커피,2017.11.07,법인,2018.07.20,"133,658","88,493","45,165",0,"-5,181","-4,835","620,488","651,293","-30,805","292,726","-80,021","-75,970","639,532","1,083,404","-443,872","591,586","-252,615","-266,666",2,9,11,1,0,7/25/2018,1,1,0,5,3,2,4,2,2,0,0,0,2,0,0,0,0,0,0,"8,969",0,보험,"16,200",0,0,0,"11,000","2,200","3,000","77,000","93,200","1,870",33,"18,700",2,1
1530,(주)만랩,만랩커피,커피,2015.11.17,법인,2016.02.03,"950,366","530,429","419,937","2,591,722","232,762","208,682","2,010,160","1,269,181","740,979","4,857,396","380,703","321,042","2,684,282","1,650,477","1,033,805","6,812,757","564,096","354,231",3,20,23,1,0,10/14/2015,30,2,28,66,2,64,107,2,105,18,0,0,37,1,0,43,2,0,0,"158,291",0,예치제,"10,900",0,0,0,"5,500","4,400","1,000","77,000","87,900","2,200",50,"33,000",2,1
1559,(주)엠피그룹,마노핀,커피,1995.09.07,법인,2012.04.06,"60,817,236","48,914,647","11,902,589","81,521,072","-10,992,917","-17,891,795","46,160,462","25,637,756","20,522,706","65,652,118","-4,560,488","8,812,709","54,035,947","35,645,467","18,390,480","61,840,102","-191,669","-2,126,540",9,252,261,2,1,4/21/2012,37,23,14,36,24,12,31,20,11,0,1,0,0,0,2,0,1,0,1,"93,433",987,보험,"23,750",0,0,0,"11,000","2,750","10,000","112,370","136,120","2,200",83,"55,000",3,3
1570,아틀리에빈(주),아틀리에빈,커피,2016.02.19,법인,2020.12.23,"301,030","65,627","235,403","1,036,043","160,012","163,981","380,443","200,031","180,412","990,684","-52,878","-54,991","490,560","116,627","373,933","1,803,070","1,954,503","193,521",2,15,17,0,0,3/7/2016,30,0,30,35,0,35,44,0,44,12,0,0,6,0,1,9,0,0,0,"8,816",0,예치제,"12,700",0,0,0,"5,500","2,200","5,000","67,100","79,800","2,200",50,"33,000",2,1
1616,(주)할리스에프앤비,디초콜릿커피앤드,커피,2005.02.01,법인,2015.02.17,"101,144,154","34,417,751","66,726,403","140,861,886","15,371,116","12,478,543","109,035,074","30,307,995","78,727,079","154,891,840","16,308,049","12,000,676","191,403,460","105,149,923","86,253,537","164,936,266","15,467,013","9,006,045",9,847,856,2,0,1/1/2015,38,18,20,53,27,26,50,27,23,7,1,3,10,0,4,3,0,6,0,"2,460,214","1,116,925",예치제,"16,000",0,0,0,"6,600","4,400","5,000","69,010","85,010","1,500",50,"22,500",3,1
1617,(주)할리스에프앤비,할리스커피,커피,2005.02.01,법인,2008.08.06,"101,144,154","34,417,751","66,726,403","140,861,886","15,371,116","12,478,543","109,035,074","30,307,995","78,727,079","154,891,840","16,308,049","12,000,676","191,403,460","105,149,923","86,253,537","164,936,266","15,467,013","9,006,045",9,847,856,2,0,6/1/1999,508,102,406,539,112,427,561,108,453,55,15,20,58,16,21,52,4,22,0,"2,460,214","1,116,925",예치제,"21,000",0,0,0,"6,600","4,400","10,000","163,500","184,500","2,400",99,"72,000",3,1
1644,(주)큐로에프앤비,일리카페(illyCaffe),커피,2007.07.04,법인,2009.08.12,"4,869,110","8,034,796","-3,165,686","1,746,048","-2,030,738","-6,612,750","9,586,762","16,409,270","-6,822,508","2,874,069","-3,267,416","-4,321,762","10,875,235","23,436,485","-12,561,250","5,104,637","-3,959,905","-5,823,269",5,81,86,1,0,5/25/2010,13,5,8,19,10,9,29,17,12,0,4,0,1,0,0,3,0,0,0,"242,000","61,328",예치제,"21,500",0,0,0,"11,000","5,500","5,000","228,840","250,340","4,395",99,"131,860",2,2
1693,(주)카페발트,블랙라인커피,커피,2014.05.23,법인,2016.01.18,"332,275","394,511","-62,236","664,179","-45,679","-79,907","286,662","423,171","-136,509","437,696","-63,735","-74,272","275,791","418,825","-143,034","334,545","8,046","-6,525",2,3,5,1,0,6/23/2014,18,0,18,14,0,14,11,0,11,0,0,3,2,2,4,0,2,1,1,"3,751",0,예치제,"10,150",1,0,0,"5,500","1,650","3,000","69,520","79,670","3,300",33,"33,000",2,2
1784,대현패밀리(주),퀸즈브라운,커피,2014.07.08,법인,2016.01.11,"2,281,352","1,403,880","877,472","3,491,452","25,680","4,911","1,792,265","912,610","879,655","1,363,369","152,855","2,184","1,678,174","810,585","867,589","636,140","20,081","-12,067",1,2,3,1,0,3/1/2015,27,2,25,29,0,29,20,0,20,19,0,11,13,0,9,5,4,10,0,"14,131","2,104",예치제,"16,000",0,0,0,"7,700","3,300","5,000","48,700","64,700",0,0,0,2,2
1817,(주)엘에이치지,라떼떼,커피,2008.10.31,법인,2011.10.18,"1,897,424","736,966","1,160,458","2,182,407","263,481","253,272","2,858,418","1,539,365","1,319,053","3,864,991","159,163","158,593","2,155,742","1,486,315","669,427","4,114,711","-633,790","-612,055",3,10,13,22,2,10/18/2011,33,0,33,37,0,37,36,0,36,19,1,0,15,11,0,15,16,0,0,"548,394","58,982",보험,"19,300",0,0,0,"11,000","3,300","5,000","76,800","96,100","1,584",33,"15,840",5,5
1845,(주)더벤티코리아,더벤티,커피,2015.07.22,법인,2014.08.12,"6,816,340","3,714,337","3,102,003","23,739,823","1,001,943","987,678","6,057,072","4,012,963","2,044,109","28,460,703","1,730,089","1,308,264","9,625,366","5,436,793","4,188,573","37,129,652","2,812,817","2,504,463",4,52,56,1,0,3/21/2014,230,3,227,287,5,282,387,6,381,46,0,5,68,1,12,117,3,15,0,"444,743","108,286",예치제,"12,150",0,0,0,"5,500","1,650","5,000","50,000","62,150","1,760",33,"17,600",2,1
1847,(주)요거프레소,요거프레소,커피,2007.11.20,법인,2008.10.17,"21,045,583","2,761,107","18,284,476","10,146,617","585,664","501,616","30,718,300","12,792,758","17,925,542","21,800,075","3,109,710","2,275,503","41,228,921","23,245,814","17,983,107","20,158,838","2,034,861","57,564",1,49,50,1,0,11/20/2007,752,0,752,705,0,705,656,0,656,93,107,26,85,103,29,43,81,11,0,"311,203",0,보험,"8,800",0,0,0,"3,300","5,500",0,"49,390","58,190","1,980",26,"15,840",2,1
1877,(주)케이엠엘리홀딩스,케이엠엘리갤러리카페,커피,2015.06.13,법인,2017.12.14,"573,880","567,250","6,630","693,104","24,487","24,413","320,713","265,880","54,833","1,238,460","41,772","48,203","536,424","437,508","98,916","1,121,757","43,890","44,082",2,7,9,1,0,12/30/2017,2,1,1,14,1,13,21,0,21,1,0,0,12,0,0,11,0,3,0,"42,330",0,보험,"5,500",0,0,0,"5,500",0,0,"99,000","104,500","2,200",66,"44,000",2,1
1907,㈜커피101스트릿,커피101스트릿(COFFEE101STREET),커피,2018.01.15,법인,2016.12.28,"625,995","363,620","262,375","1,217,690","34,215","42,760","116,992","116,730",262,"203,125","-30,663","-29,737","137,976","93,383","44,593","396,969","44,244","44,330",2,0,2,1,0,8/15/2015,9,1,8,11,0,11,15,0,15,5,0,0,3,0,0,4,0,0,0,180,0,예치제,"11,800",0,0,0,"5,500","3,300","3,000","95,700","107,500","2,200",66,"44,000",2,1
1995,(주)아리스타,아리스타,커피,2011.01.10,법인,2009.11.26,"152,374","226,271","-73,897","646,341","16,733","15,952","133,022","147,179","-14,157","908,147","53,919","59,739","1,503,926","662,409","841,517","2,034,055","-110,507","-123,325",3,71,74,1,0,2/15/2008,57,0,57,61,0,61,56,8,48,1,0,9,7,0,3,2,0,15,0,"10,759",512,해당없음,"7,700",0,0,0,"5,500","2,200",0,"81,620","89,320","2,530",50,"37,950",2,1
2005,고품격커피공장,고품격커피공장,커피,2014.11.10,개인,2019.09.16,"25,072",912,"24,160","213,842","25,972","28,983","67,939","2,658","65,281","211,428","15,246","22,500","64,195",405,"63,790","326,634","16,591","23,981",1,7,8,1,0,11/30/2015,3,1,2,3,1,2,9,1,8,1,0,0,0,0,0,6,0,0,0,45,0,보험,"9,800",0,0,0,"5,500","3,300","1,000","56,100","65,900","3,163",26,"25,300",2,1
2111,(주)이에이티,잇.(EAT),커피,2011.04.14,법인,2012.10.05,"5,097,345","4,245,723","851,622","9,805,608","500,112","411,568","4,654,490","3,597,017","1,057,473","10,283,634","-582,140","205,851","5,405,526","3,928,875","1,476,651","10,866,167","-298,737","-478,334",3,13,16,1,0,5/1/2011,19,15,4,13,10,3,15,13,2,1,0,0,0,0,0,0,0,1,0,"27,534","10,474",예치제,"13,000",1,0,0,"8,000","2,000","3,000","52,415","65,415","2,420",26,"19,360",3,1
2182,(주)디떼,디에떼에스프레소,커피,2011.06.15,법인,2012.02.28,"4,431,234","3,068,302","1,362,932","4,100,955","99,997","74,887","4,161,153","2,756,130","1,405,023","2,695,573","67,754","42,090","3,569,452","2,510,066","1,059,386","810,489","-266,799","-261,447",3,8,11,1,0,8/26/2011,113,0,113,112,0,112,108,0,108,14,4,3,18,0,19,16,0,20,0,"14,514",0,보험,"16,000",1,0,0,"5,500","5,500","5,000","102,000","118,000","3,550",66,"71,000",2,2
2224,(주)티엠홀딩스,제퍼빈스(ZephyrBeans),커피,2011.05.12,법인,2011.08.28,"458,628","618,343","-159,715","829,923","-37,200","-38,801","361,041","292,157","68,884","2,828,345","232,351","228,598","490,171","365,585","124,586","2,082,540","76,798","55,702",2,4,6,2,0,7/6/2012,14,1,13,5,0,5,4,0,4,0,0,6,0,0,8,0,0,1,0,0,0,예치제,"13,800",0,0,0,"5,500","3,300","5,000","56,100","69,900","2,750",33,"27,500",2,1
2229,르돌치일구사육(주),ledolci1946,커피,2015.05.08,법인,2016.05.23,"529,009","1,061,283","-532,274","734,260","-310,558","-328,132","494,555","1,118,054","-623,499","669,170","43,563","91,224","477,037","1,252,643","-775,606","511,955","-112,366","-152,107",4,5,9,1,0,4/29/2016,5,5,0,2,2,0,2,2,0,0,2,0,0,0,0,0,0,0,0,0,0,예치제,"32,500",0,0,0,"22,000","5,500","5,000","177,100","209,600","2,750",99,"82,500",2,1
2278,(유)빈타이컴퍼니,빈타이(BEANTIE),커피,2017.11.15,법인,2018.01.26,"188,228","91,454","96,774","67,540","-4,701","-3,226","180,684","80,884","99,800","658,690","6,297","3,026","180,424","56,519","123,905","721,134","16,088","24,105",2,7,9,1,0,1/1/2018,0,0,0,2,0,2,4,0,4,0,0,0,2,0,0,2,0,0,0,0,0,보험,"11,000",0,0,0,"11,000",0,0,"215,600","226,600","4,125",132,"165,000",2,1
2332,티에고(주),커피마마,커피,2010.07.09,법인,2010.10.29,"2,518,770","1,889,536","629,234","6,209,521","-366,870","-394,205","2,361,488","1,707,960","653,528","4,855,587","64,423","32,011","2,422,114","1,739,538","682,576","4,061,395","96,759","29,048",2,27,29,3,0,9/8/2010,247,3,244,221,2,219,207,1,206,27,4,32,17,10,32,16,11,18,0,"126,224","1,021",예치제,"13,000",0,0,0,"5,500","5,500","3,000","42,400","56,400","1,500",26,"12,000",2,1
2384,(주)마스터코리아,모캄보,커피,2016.12.16,법인,2008.10.14,"247,491","299,154","-51,663","361,436","-56,194","-56,175","300,618","292,489","8,129","1,186,701","48,939","59,792","305,812","263,739","42,073","911,984",260,"34,293",1,8,9,1,0,7/3/2008,27,0,27,28,1,27,26,1,25,2,0,0,2,1,1,3,0,5,0,25,0,예치제,"15,100",0,0,0,"8,800","3,300","3,000","135,300","150,400","2,090",99,"62,700",3,2
2403,(주)에슬로우,에슬로우커피(ESLOWCOFFEE),커피,2015.03.06,법인,2015.05.14,"168,950","126,012","42,938","361,822","2,106","2,068","334,878","289,138","45,740","440,142","16,700","3,039","363,784","308,552","55,232","646,231","17,417","9,862",2,2,4,1,0,3/16/2015,17,0,17,18,0,18,24,1,23,6,0,2,3,0,2,7,0,2,0,0,0,예치제,"7,400",0,0,0,"3,300","1,100","3,000","42,900","50,300","2,200",33,"22,000",2,1
2426,(주)오구본가,빨콩,커피,2009.11.06,법인,2014.08.29,"5,773,404","3,177,985","2,595,419","2,604,322","462,760","646,047","6,018,647","3,026,667","2,991,980","2,765,886","577,318","418,457","6,108,149","2,948,153","3,159,996","2,232,543","397,217","268,015",3,16,19,2,0,9/16/2014,12,0,12,10,0,10,10,0,10,1,0,3,0,0,2,0,0,0,0,"22,829",0,보험,"7,500",0,0,0,"2,200","3,300","2,000","70,400","77,900","1,815",66,"36,300",1,1
2444,(주)카페베네,카페베네,커피,2008.12.01,법인,2008.07.29,"32,235,740","63,095,603","-30,859,863","46,068,951","-2,209,596","-38,882,900","27,382,553","44,150,195","-16,767,642","28,102,270","-96,790","1,277,709","27,775,910","44,931,813","-17,155,903","25,797,624","512,653","-537,592",4,115,119,1,0,6/28/2008,534,11,523,363,9,354,325,11,314,19,0,177,16,0,185,23,0,63,2,"507,106","404,379",보험,"16,000",0,0,0,"7,700","3,300","5,000","159,500","175,500","2,200",99,"66,000",3,1
2465,(주)휴먼앤네이쳐,카페떼오,커피,2017.09.01,법인,2020.03.10,"50,000","1,200","48,800",0,"-1,200","-1,200","283,654","264,316","19,338","210,949","-38,553","-29,462","648,261","613,069","35,192","561,593","-16,308","15,855",2,13,15,1,0,12/12/2019,1,1,0,1,1,0,2,1,1,0,0,0,0,0,0,1,0,0,0,0,0,예치제,"38,000",0,0,0,"22,000","11,000","5,000","162,470","200,470","2,200",132,"88,000",2,1
2479,(주)크레이저커피그룹,크레이저커피(C.Razercoffee),커피,2014.11.12,법인,2014.12.31,"746,917","492,583","254,334","957,563","73,225","72,035","959,487","636,302","323,185","1,039,514","67,105","68,850","1,354,485","839,621","514,864","1,898,133","184,766","191,678",2,9,11,1,0,11/12/2014,10,3,7,11,3,8,14,2,12,0,0,1,2,0,1,7,0,3,0,0,0,예치제,"13,000",0,0,0,"7,700","3,300","2,000","60,500","73,500","2,200",50,"33,000",2,1
2551,(주)맥스원이링크,셀렉토커피,커피,2005.08.29,법인,2012.09.19,"5,116,770","3,621,735","1,495,035","11,583,379","128,497","100,355","4,388,216","2,805,315","1,582,901","10,348,862","165,307","87,866","5,582,213","3,429,685","2,152,528","10,668,585","226,317","74,117",2,46,48,3,0,11/20/2012,187,1,186,215,1,214,239,1,238,69,0,26,59,17,14,62,6,32,1,"219,251","24,107",보험,"13,800",0,0,0,"5,500","3,300","5,000","59,550","73,350","1,870",33,"18,700",3,1
2614,(주)디자인포비,"지브릭커피(G,BRICKCOFFEE)",커피,2000.10.27,법인,2014.12.15,"296,901","153,206","143,695","720,908","96,751","89,404","328,795","75,714","253,081","1,149,666","107,700","109,386","392,059","124,926","267,133","764,328","18,881","14,052",2,2,4,1,0,1/2/2014,5,1,4,6,1,5,7,1,6,2,0,1,1,0,0,1,0,0,0,0,0,보험,"16,200",0,0,0,"7,700","5,500","3,000","70,356","86,556","1,980",66,"39,600",2,2
2615,(주)파인피엠아이,카페까마르도,커피,2008.02.01,법인,2009.08.20,"572,560","1,039,975","-467,415","794,432","-58,543","-53,135","678,207","1,121,936","-443,729","831,872","20,254","23,686","480,559","789,644","-309,085","401,884","68,901","134,643",3,2,5,1,0,1/29/2008,4,0,4,4,0,4,4,0,4,0,0,0,0,0,0,0,0,0,0,5,0,예치제,"23,200",0,0,0,"11,000","2,200","10,000","60,000","83,200","2,750",33,"27,500",3,1
2632,(유)에브라임이노베이션,카페게이트,커피,2009.09.09,법인,2015.03.17,"40,590,720","23,005,801","17,584,919","14,664,436","547,076","12,255","42,172,764","25,455,077","16,717,687","13,937,257","167,412","-611,960","41,781,472","24,196,948","17,584,524","23,996,444","1,005,365","564,906",2,69,71,1,0,3/12/2014,28,13,15,32,11,21,70,7,63,6,0,1,7,0,1,43,0,1,0,"3,925","1,210",예치제,"12,100",0,0,0,"6,600","5,500",0,"50,380","62,480","2,681",26,"21,450",3,1
2641,라드커피,라드커피(LADCOFFEE),커피,2014.01.23,개인,2015.07.02,"1,381,368","1,341,415","39,953","514,141","-5,015","-64,587","116,382","1,198,103","-1,081,721","385,319","54,592","18,325","85,525","218,916","-133,391","299,092","29,574","12,329",1,0,1,1,0,4/4/2015,12,1,11,10,0,10,10,0,10,4,2,1,2,1,2,1,0,1,0,"24,852",0,예치제,"9,350",0,0,0,"5,500","3,850",0,"228,100","237,450","2,750",132,"110,000",2,2
2655,에스프레소코리아(주),카페보니또,커피,2001.01.02,법인,2015.06.25,"7,811,975","5,920,525","1,891,450","6,799,995","391,354","133,984","7,733,581","5,456,397","2,277,184","6,118,676","211,703","51,060","7,729,498","5,407,827","2,321,671","5,066,939","240,385","44,487",1,35,36,1,0,7/25/2012,41,5,36,40,4,36,35,3,32,1,0,2,3,1,2,2,2,4,0,"19,496","2,172",예치제,"19,300",0,0,0,"11,000","3,300","5,000","112,970","132,270","1,980",99,"59,400",3,1
2704,알리바바파트너스(주),알리바바카페(ALIBABACAFE),커피,2016.04.30,법인,2016.06.01,"62,691","220,288","-157,597","432,857","-112,594","-118,127","122,994","515,363","-392,369","982,704","-235,661","-234,771","370,632","912,549","-541,917","2,048,113","-130,137","-149,548",3,0,3,4,0,6/1/2016,30,1,29,36,4,32,38,2,36,22,0,4,10,1,6,16,0,12,0,"97,379",0,보험,"19,500",0,0,0,"11,000","5,500","3,000","124,200","143,700","2,500",66,"50,000",5,5
2709,(주)한국창업경제연구소,아마떼,커피,2014.04.30,법인,2011.06.19,"216,609","327,756","-111,147","468,114","13,203","7,116","224,304","344,449","-120,145","356,707","-60,891","-58,996","218,764","396,549","-177,785","378,995","-55,205","-57,640",2,4,6,6,0,11/15/2011,31,0,31,26,0,26,24,0,24,7,0,9,6,0,10,1,0,3,0,"34,074",0,보험,"8,800",0,0,0,"7,700","1,100",0,"90,420","99,220","1,650",99,"49,500",1,1
2717,(주)리프래럿,리프패럿(LIPParrot),커피,2020.02.01,법인,2017.08.04,"308,398","4,803","303,595","789,552","78,752","78,876","3,004,709","2,081,155","923,554","1,389,477","158,627","83,657","3,348,459","2,111,307","1,237,152","2,250,198","209,745","139,596",1,6,7,1,0,3/5/2017,4,0,4,16,0,16,24,0,24,4,0,0,13,0,1,10,0,2,0,"39,989",0,보험,"19,600",0,0,0,"1,100","3,300","2,000","13,640","20,040","1,650",99,"49,500",3,1
2731,서컴퍼니,부바스,커피,2014.05.28,개인,2014.08.22,"114,184","26,303","87,881","148,091","8,562","8,562","109,812","30,243","79,569","170,166","20,146","12,187","77,979","29,340","48,639","139,127","7,106","-24,453",1,0,1,1,0,9/11/2014,7,1,6,6,0,6,5,1,4,0,3,0,2,2,0,0,2,0,0,0,0,예치제,"29,800",0,0,0,"11,000","8,800","10,000","268,400","298,200","2,420",231,"169,400",1,1
2734,(주)제이엠케이,비엔나커피하우스,커피,2013.05.23,법인,2017.06.29,"2,892,251","2,214,059","678,192","2,613,506","331,462","530,501","3,549,773","2,612,101","937,672","4,676,464","163,392","259,480","3,498,037","2,280,325","1,217,712","7,197,559","110,386","280,040",3,25,28,1,0,5/8/2017,10,3,7,33,6,27,48,5,43,7,0,0,20,0,0,17,0,1,0,"681,850",0,보험,"18,800",0,0,0,"5,500","3,300","10,000","148,800","167,600","2,200",99,"66,000",3,1
2795,(주)글로리아진스커피코리아,글로리아진스커피,커피,1995.10.13,법인,2008.09.19,"1,887,272","2,678,771","-791,499","2,088,086","-242,851","-277,507","1,523,897","2,771,209","-1,247,312","1,793,472","-412,003","-456,813","1,133,010","3,337,197","-2,204,187","835,464","-905,611","-956,874",4,11,15,1,0,10/15/2005,11,4,7,7,1,6,5,1,4,0,2,0,0,0,1,0,0,2,0,0,0,예치제,"23,200",0,0,0,"13,200",0,"10,000","198,000","221,200","3,355",132,"134,200",3,1
2816,(주)브라더푸드,줄리앙와플,커피,2015.12.24,법인,2016.02.12,"185,909","137,106","48,803","585,847","-6,128","-1,569","133,000","89,983","43,017","470,376","-7,216","-5,786","60,152","79,484","-19,332","157,966","-6,140","-18,571",2,0,2,1,0,12/1/2015,26,0,26,20,0,20,16,0,16,8,0,5,10,0,16,4,8,0,0,"2,561",0,예치제,"10,700",0,0,0,"5,500","2,200","3,000","49,000","59,700","2,500",33,"25,000",3,1
2824,(주)커핀그루나루,커핀그루나루,커피,2007.08.31,법인,2009.10.06,"3,347,811","6,733,805","-3,385,994","5,278,231","166,862","-253,825","2,703,817","6,331,638","-3,627,821","3,580,173","152,735","-128,458","2,396,333","5,861,570","-3,465,237","2,366,515","344,324","162,583",1,14,15,1,0,2/4/2008,58,8,50,47,5,42,32,1,31,3,11,12,3,10,1,1,8,4,0,"1,035","97,383",예치제,"22,100",0,0,0,"11,000","1,100","10,000","225,000","247,100","2,300",132,"92,000",3,1
2983,(주)커피니,커피니(COFFEENIE),커피,2009.07.01,법인,2011.08.22,"5,539,261","4,034,113","1,505,148","10,697,233","147,650","69,944","5,426,634","3,831,455","1,595,179","10,132,633","174,980","90,031","5,406,851","4,391,090","1,015,761","8,879,619","-455,696","-579,418",4,36,40,1,0,11/5/2009,141,21,120,137,18,119,131,22,109,16,0,17,16,0,17,7,0,17,0,"48,108",0,보험,"8,500",0,0,0,"3,300","2,200","3,000","79,500","88,000","2,500",66,"50,000",3,1
3006,(주)리빈코리아,카페리빈,커피,1993.10.20,법인,2016.05.12,"2,585,267","1,904,693","680,574","3,646,732","66,261","3,987","2,388,330","2,021,408","366,922","3,343,196","82,490","11,566","2,559,759","2,184,685","375,074","2,870,100","83,835","8,151",4,35,39,1,0,7/3/2014,27,13,14,29,11,18,30,11,19,3,0,3,5,1,0,6,0,5,0,"1,513",0,예치제,"12,700",0,0,0,"4,400","3,300","5,000","66,550","79,250","1,980",66,"39,600",2,2
3015,(주)피쉐프코리아,말리따(MALITTA),커피,2015.12.15,법인,2019.10.24,"3,692,770","2,732,280","960,490","8,194,146","226,475","103,451","4,068,774","2,959,948","1,108,826","8,523,108","223,464","148,336","4,098,643","3,016,922","1,081,721","6,797,139","-566,280","-354,636",1,49,50,4,0,12/10/2019,0,0,0,0,0,0,1,0,1,0,0,0,0,0,0,1,0,0,0,"50,938","15,208",예치제,"13,000",0,0,0,"7,700","3,300","2,000","35,000","48,000","2,200",17,"11,000",3,3
3059,(주)루앤비,카페루앤비,커피,2014.11.01,법인,2012.12.10,"1,588,681","1,207,765","380,916","2,816,819","-102,893","-122,140","1,683,539","1,486,418","197,121","1,616,632","-164,240","-183,795","1,218,613","1,120,824","97,789","888,758","-86,635","-99,332",2,5,7,2,0,5/29/2012,100,0,100,91,0,91,81,0,81,21,10,14,17,12,14,17,0,27,0,"29,099","29,099",예치제,"11,800",0,0,0,"5,500","3,300","3,000","41,690","53,490","1,650",26,"13,200",2,2
3081,(주)엘리얼티발,OPPACOFFEE(오피피에이커피),커피,2019.03.29,법인,2020.10.15,"670,970","717,311","-46,341","127,334","-34,953","-33,383","439,105","452,062","-12,957","19,293","-14,503","-15,034","670,970","717,311","-46,341","127,334","-34,953","-33,383",2,2,4,1,0,7/23/2019,0,0,0,0,0,0,1,0,1,0,0,0,0,0,0,1,0,0,0,0,0,예치제,"1,300",0,0,0,"5,500","5,500","2,000","58,080","71,080","2,200",33,"22,000",2,1
3167,(주)탐앤탐스,탐앤탐스커피(TOMNTOMSCOFFEE),커피,2004.12.21,법인,2008.08.26,"69,984,675","46,493,234","23,491,441","82,387,074","4,117,088","4,606,039","120,989,651","79,389,585","41,600,066","74,025,294","2,522,277","3,670,452","112,673,184","76,070,377","36,602,807","68,366,316","1,702,204","-5,111,516",4,338,342,2,0,12/18/2004,352,46,306,333,53,280,349,48,301,24,53,0,18,44,0,54,33,0,1,"362,846",0,예치제,"21,000",0,0,1,"11,000",0,"10,000","169,108","190,108","2,200",99,"66,000",3,1
3202,토리스타씨앤에스(toristarC&S),토리스타특별한커피,커피,2016.04.13,개인,2016.09.13,"23,542",89,"23,453","351,153",-197,500,"40,672",429,"40,243","335,303","14,952","16,790","56,130",823,"55,307","288,106","12,387","15,062",2,3,5,1,0,6/30/2016,9,0,9,8,0,8,11,0,11,3,0,1,0,0,1,4,0,1,0,0,0,예치제,"8,600",0,0,0,"3,300","3,300","2,000","131,450","140,050","2,200",99,"66,000",2,2
3209,(주)더드림홀딩스,카페드림,커피,2010.06.09,법인,2012.08.20,"4,267,110","6,979,395","-2,712,285","8,628,624","239,640","103,503","5,490,766","5,352,914","137,852","10,017,023","243,372","240,137","7,331,753","5,741,397","1,590,356","11,335,899","118,040","62,504",2,65,67,1,0,6/1/2010,72,68,4,76,72,4,81,78,3,0,1,0,2,2,0,0,1,0,0,"4,400",0,예치제,"16,000",0,0,0,"11,000",0,"5,000","130,900","146,900","2,200",99,"66,000",1,1
3221,(주)해피랜드에프엔비,탭플레이(TAPLAY),커피,2015.11.17,법인,2016.01.28,"1,239,516","2,811,421","-1,571,905","1,176,095","-1,097,729","-1,159,316","722,648","3,157,389","-2,434,741","1,196,967","-839,408","-862,836","700,627","2,840,755","-2,140,128","1,852,801","-647,418","-700,491",3,18,21,1,0,6/24/2016,24,3,21,28,2,26,36,2,34,14,0,2,13,0,8,14,0,6,0,"127,951",0,예치제,"12,700",1,0,0,"5,500","2,200","5,000","52,200","64,900","2,100",33,"21,000",3,1
3229,블레스롤가맹본부,블레스롤(BlessRoll),커피,2016.02.12,개인,2015.07.24,"355,974","310,923","45,051","2,216,594","-406,833","-407,757","718,734","633,726","85,008","2,582,876","41,250","26,957","611,841","409,728","202,113","2,398,974","100,730","104,081",1,11,12,1,0,10/12/2015,20,2,18,20,2,18,22,2,20,11,0,2,4,0,4,4,0,2,0,"15,550","66,012",예치제,"23,700",0,0,0,"13,200","5,500","5,000","191,400","215,100","2,970",99,"89,100",2,2
3246,반반스프링스,반반스프링스커피(BANBANSPRINGSCOFFEE),커피,2011.12.29,개인,2019.11.29,"1,092,191","386,345","705,846","312,835","42,853","34,964","1,094,762","502,116","592,646","311,832","49,439","35,299","1,118,020","532,379","585,641","299,858","46,054","30,994",1,2,3,1,0,8/5/2015,15,1,14,16,1,15,15,1,14,3,0,2,2,0,1,3,0,4,0,0,0,해당없음,0,1,0,0,0,0,0,"63,500","63,500",900,83,"22,500",2,1
3251,(주)빈스앤로스터리코리아,빈스빈스,커피,2006.02.20,법인,2009.06.30,"3,555,569","2,761,987","793,582","4,834,962","60,583","6,276","3,485,403","2,862,618","622,785","4,760,508","55,331","-170,795","2,984,082","2,352,297","631,785","3,595,726","70,754","8,999",5,31,36,1,0,7/1/2007,32,6,26,34,6,28,31,5,26,2,3,1,5,2,3,1,1,2,0,"10,228",0,해당없음,0,0,0,0,"11,000",0,"10,000","134,000","155,000","2,500",99,"75,000",2,1
3275,(주)육십오도씨,cafe65℃,커피,2014.06.05,법인,2015.06.11,"342,234","265,604","76,630","1,458,177","21,474","18,214","465,107","462,652","2,455","1,406,466","-71,529","-65,037","365,857","443,945","-78,088","1,532,410","-61,730","-80,515",2,5,7,1,0,5/10/2014,13,0,13,14,0,14,14,0,14,6,0,3,3,0,2,1,0,1,0,"13,903",0,예치제,"5,400",0,0,0,"2,200","2,200","1,000","53,020","58,420","1,760",33,"17,600",1,1
3276,(주)코나헤이븐코리아,코나헤이븐(KONAHAVEN),커피,2016.11.01,법인,2020.01.09,"350,679","423,357","-72,678","285,343","-98,416","-98,753","307,920","353,072","-45,152","308,305","-154,739","-152,473","314,010","405,029","-91,019","206,631","-79,361","-79,011",4,2,6,1,0,1/22/2013,2,0,2,2,0,2,2,0,2,1,1,0,0,0,0,0,0,0,0,88,0,보험,"26,500",0,0,0,"12,100","4,400","10,000","223,850","250,350","3,850",149,"173,250",3,1
3343,데니스,데니스,커피,2005.01.01,개인,2013.04.04,"87,040",357,"86,683","317,785","13,796","14,399","95,067",570,"94,497","254,598","10,983","14,713","75,876","7,825","68,051","344,792","19,533","20,053",1,2,3,1,0,4/4/2013,22,0,22,20,0,20,18,0,18,4,0,4,2,0,4,5,0,7,0,0,0,보험,"6,850",0,0,0,"3,300",550,"3,000","36,000","42,850","1,650",33,"16,500",2,1
3376,(주)올리브홀딩스,팬도로시,커피,2011.09.23,법인,2008.11.04,"1,978,930","1,792,687","186,243","3,738,355","58,265","3,263","2,337,206","2,150,545","186,661","5,772,342","80,268","4,018","2,641,698","2,441,197","200,501","7,470,924","2,713","15,132",2,22,24,2,0,8/7/2008,26,8,18,29,12,17,30,14,16,0,2,7,1,2,0,0,1,0,0,44,0,보험,"9,000",0,0,0,"4,900","1,100","3,000","124,700","133,700","3,000",66,"60,000",3,1
3398,인버스에프앤비(주),카페인버스,커피,2012.09.12,법인,2014.12.19,"3,034,891","5,610,804","-2,575,913","3,456,902","-1,255,066","-1,174,458","4,076,897","7,128,663","-3,051,766","4,361,592","-535,138","-475,853","3,038,048","4,756,455","-1,718,407","4,813,352","-391,298","1,333,354",2,5,7,1,0,1/5/2015,5,0,5,4,0,4,2,0,2,0,0,0,0,0,1,0,1,1,0,525,"11,142",예치제,"17,700",0,0,0,"5,500","2,200","10,000","185,200","202,900","3,390",116,"118,650",2,2
3483,(주)띵크커피코리아,띵크커피,커피,2011.08.05,법인,2012.08.27,"4,705,135","4,904,878","-199,743","2,567,883","-161,737","18,112","5,022,828","5,213,778","-190,950","2,605,422","80,722","8,792","4,504,968","4,648,180","-143,212","2,473,914","130,158","47,738",4,38,42,1,0,4/1/2013,11,6,5,9,5,4,6,5,1,0,0,0,0,0,1,0,1,2,0,0,0,예치제,"36,500",0,0,0,"13,200","3,300","20,000","249,700","286,200","2,970",132,"118,800",1,1
3487,(주)희천,더리터(THELITER),커피,2015.11.16,법인,2015.12.09,"2,251,067","1,781,177","469,890","12,973,749","217,526","336,102","3,207,494","2,493,372","714,122","21,075,913","785,045","546,042","4,880,545","3,224,591","1,655,954","22,604,248","1,725,451","1,241,831",3,26,29,1,0,8/1/2015,127,0,127,185,0,185,224,0,224,63,1,9,69,4,7,55,0,16,4,"50,269","40,799",예치제,"8,800",0,0,0,"5,500","3,300",0,"65,660","74,460","2,090",33,"20,900",2,1
3519,커피시장상동점,커피시장,커피,2015.12.05,개인,2016.09.23,"252,594","102,703","149,891","206,755","16,715","13,458","143,762",475,"143,287","112,164","3,894","6,685","128,801",991,"127,810","136,958","6,748","8,674",1,0,1,1,0,3/2/2017,2,1,1,2,1,1,1,1,0,1,0,0,0,0,0,0,0,1,0,0,0,보험,"14,900",0,0,0,"7,700","2,200","5,000","82,500","97,400","2,200",66,"44,000",2,1
3581,(주)세화에프앤씨,플라타너스(PLATANUS),커피,2011.12.19,법인,2014.06.13,"161,078","150,479","10,599","182,696",469,401,"158,721","147,989","10,732","197,646",154,133,"160,627","237,665","-77,038","165,746","-87,784","-87,769",2,0,2,1,0,6/1/2013,7,0,7,6,0,6,6,0,6,2,1,0,0,0,1,1,1,0,0,0,0,예치제,"21,000",0,0,0,"13,000","5,000","3,000","157,300","178,300","2,500",99,"75,000",3,3
3651,태영에프앤비(주),주커피,커피,2012.07.01,법인,2012.08.02,"2,202,954","986,236","1,216,718","1,243,686","-308,852","1,090,411","840,398","525,848","314,550","1,404,600","-284,838","-902,167","611,427","619,703","-8,276","1,022,477","-148,377","-145,620",1,8,9,1,0,7/1/2012,47,2,45,39,1,38,32,1,31,5,0,12,7,0,14,1,0,8,0,"18,518","4,472",예치제,"16,000",0,0,0,"5,500","5,500","5,000","221,650","237,650","2,200",165,"110,000",2,2
3679,(주)강남사람들,티블랙(TEABLACK),커피,2016.03.02,법인,2016.07.11,"222,809","389,087","-166,278","317,185","-86,426","-86,983","180,067","405,192","-225,125","308,342","-59,876","-58,847","57,894","265,652","-207,758","291,586","-49,613","17,368",1,1,2,1,0,6/1/2016,4,2,2,5,2,3,5,1,4,2,0,0,1,0,0,1,0,0,0,0,0,예치제,"8,800",0,0,0,"5,500","3,300",0,"59,000","67,800","2,800",33,"28,000",2,2
3718,(주)놀부,벨라빈스커피,커피,1990.01.03,법인,2015.01.07,"106,411,649","50,087,308","56,324,341","101,544,103","-3,230,590","-6,873,779","77,913,777","43,912,794","34,000,983","86,712,453","-1,411,283","-22,031,115","66,280,730","39,807,368","26,473,362","71,633,984","116,397","-7,573,829",11,264,275,24,0,12/19/2014,8,0,8,7,0,7,6,0,6,0,0,0,0,1,0,0,1,0,0,"829,631","363,704",보험,"13,000",0,0,0,"5,500","5,500","2,000","216,810","229,810","2,970",99,"89,100",3,3
3725,(주)그레닉스,빌리엔젤,커피,2012.06.12,법인,2013.08.22,"11,734,401","8,388,880","3,345,521","15,303,007","1,008,706","718,349","16,367,304","13,192,352","3,174,952","20,134,965","1,205,258","572,458","17,684,648","13,873,971","3,810,677","24,114,427","1,264,715","702,585",3,270,273,2,0,6/25/2012,59,20,39,74,28,46,64,22,42,13,0,5,13,0,6,6,10,0,0,"46,593","14,654",예치제,"15,000",2,0,0,"7,000","3,000","5,000","221,100","236,100","2,750",66,"55,000",2,1
3744,(주)퍼스트에이엔티,바빈스,커피,2002.08.27,법인,2012.03.06,"5,757,779","2,230,261","3,527,518","5,435,493","19,684","65,938","6,014,195","2,378,601","3,635,594","6,460,797","10,600","108,077","4,543,556","2,094,894","2,448,662","3,467,498","-577,236","-1,186,932",3,20,23,2,0,1/27/2012,63,3,60,63,0,63,59,1,58,4,8,8,21,16,2,10,9,6,0,"47,787","9,401",보험,"19,500",0,0,0,"13,200","3,300","3,000","49,500","69,000","2,475",26,"19,800",5,2
3784,(주)커피명가,커피명가,커피,2004.08.16,법인,2009.05.28,"3,533,746","1,683,150","1,850,596","3,242,156","178,034","161,248","3,784,711","1,838,676","1,946,035","3,287,328","146,816","145,439","4,993,721","2,872,223","2,121,498","4,434,029","205,302","175,462",5,15,20,1,0,3/1/2005,47,7,40,43,7,36,45,9,36,2,2,0,1,5,0,3,3,0,0,0,0,예치제,"29,200",0,0,0,"22,000","2,200","5,000","169,400","198,600","2,750",99,"82,500",3,1
3837,(주)제너러스커피,generuscoffee(제너러스커피),커피,2013.11.01,법인,2019.11.01,"37,289","258,259","-220,970","8,907","-25,424","-25,451","126,711","127,991","-1,280","74,472","-30,313","-30,311","146,825","462,811","-315,986","108,893","-66,509","-64,705",1,0,1,1,0,11/25/2019,0,0,0,2,2,0,4,2,2,0,0,0,0,0,0,2,0,0,0,"1,694",0,보험,"15,200",0,0,0,"11,000","2,200","2,000","82,500","97,700","4,400",33,"44,000",2,1
3876,(주)감성인터내셔널,코페아커피(COFFEACOFFEE),커피,2008.02.11,법인,2009.08.17,"7,175,255","3,463,998","3,711,257","6,077,129","1,330,824","1,241,010","11,827,855","6,573,167","5,254,688","5,430,897","1,734,106","1,484,430","11,877,081","6,332,484","5,544,597","5,094,443","695,769","289,908",2,18,20,1,0,3/1/2007,26,0,26,21,0,21,16,0,16,1,0,11,0,0,5,0,0,5,0,90,0,예치제,"17,000",0,0,0,"8,800","2,200","6,000","130,000","147,000","2,500",66,"50,000",3,3
3896,(주)라이온에프지,까사밍고,커피,2008.07.21,법인,2013.10.04,"7,117,321","5,800,292","1,317,029","5,707,252","184,128","41,442","4,668,521","3,633,516","1,035,005","2,235,445","-210,103","2,462","4,868,485","3,836,381","1,032,104","338,906","85,285","2,900",1,3,4,4,0,10/4/2013,20,0,20,10,0,10,7,0,7,9,0,13,3,0,13,0,0,3,0,"2,437",0,예치제,"26,500",0,0,0,"11,000","5,500","10,000","114,455","140,955","2,750",66,"55,000",3,3
3928,(주)카페원플러스원,카페원플러스원,커피,2012.06.07,법인,2011.10.07,"1,367,038","889,859","477,179","1,469,709","107,514","32,215","1,314,005","821,488","492,517","1,218,644","33,058","15,338","1,335,360","829,966","505,394","1,056,939","18,380","12,876",3,2,5,2,0,10/15/2011,57,1,56,51,1,50,50,1,49,5,0,3,2,4,4,2,0,3,0,93,0,예치제,"14,990",1,0,0,"10,890","1,100","3,000","75,960","90,950","1,870",66,"37,400",2,1
3947,(주)오리지날스푼,릴렉스라운지,커피,2013.11.20,법인,2018.05.15,"2,957,133","2,708,196","248,937","6,695,642","-96,290","-103,565","2,303,920","2,024,879","279,041","4,567,736","27,258","-19,895","1,994,200","2,168,707","-174,507","2,735,486","-377,595","-453,548",2,13,15,5,0,7/23/2015,1,1,0,1,1,0,1,1,0,0,0,1,0,0,0,0,0,0,0,0,0,예치제,"16,300",0,0,0,"11,000","3,300","2,000","227,700","244,000","2,200",198,"132,000",2,1
3950,(주)카페데베르,카페데베르,커피,2011.01.01,법인,2009.04.21,"358,034","77,393","280,641","200,319","-14,675","-13,927","360,220","69,884","290,336","164,233","4,751","9,694","358,223","64,174","294,049","191,027","-5,167","3,713",1,4,5,1,0,9/20/2006,4,1,3,4,1,3,3,1,2,1,0,0,0,0,0,0,1,0,0,0,0,예치제,"21,000",0,0,0,"11,000",0,"10,000","187,000","208,000","2,860",132,"114,400",5,5
3958,(주)카페원플러스원,1LiTERCOFFEE,커피,2012.06.04,법인,2020.02.17,"1,367,038","889,859","477,179","1,469,709","107,514","32,215","1,314,005","821,488","492,517","1,218,644","33,058","15,338","1,335,360","829,966","505,394","1,056,939","18,380","12,876",3,2,5,2,0,8/28/2015,8,0,8,7,0,7,8,0,8,0,0,4,0,0,1,1,0,0,0,93,0,예치제,"7,950",1,0,0,"3,300","1,650","3,000","54,560","62,510","1,870",33,"18,700",2,1
4017,(주)에스엔인더스트리,복고다방,커피,2010.11.06,법인,2015.10.26,"181,677","195,913","-14,236","1,531,976","112,156","119,055","162,989","151,270","11,719","1,415,867","25,082","25,955","152,921","131,427","21,494","1,307,390","-5,551","9,774",1,8,9,4,0,8/3/2015,32,0,32,30,0,30,23,0,23,11,0,16,8,0,10,6,0,13,0,0,0,예치제,"13,000",0,0,0,"7,700","3,300","2,000","45,100","58,100","1,994",26,"15,950",1,1
4110,(주)에이쓰리바우트커피,에이쓰리바우트커피,커피,2016.09.08,법인,2018.01.17,"435,123","366,961","68,162","494,016","36,929","41,162","544,792","417,445","127,347","691,353","90,726","59,185","555,508","391,623","163,885","548,051","40,919","36,538",2,5,7,1,0,1/13/2017,6,1,5,6,1,5,6,1,5,5,0,0,1,0,1,0,0,0,0,0,0,예치제,"9,700",0,0,0,"5,500","2,200","2,000","64,350","74,050","1,650",33,"16,500",2,1
4118,(주)위드텀브,텀브커피,커피,2016.08.02,법인,2016.10.14,"302,405","221,152","81,253","1,149,058","38,922","33,317","293,267","171,279","121,988","1,205,028","28,418","40,735","659,769","504,521","155,248","1,293,639","3,010","33,259",1,8,9,1,0,1/13/2016,56,0,56,55,0,55,55,4,51,22,6,5,15,6,10,10,9,3,0,"17,072",0,예치제,"8,800",0,0,0,"5,500","3,300",0,"69,850","78,650","1,650",66,"33,000",2,1
4121,(유)다빈,라센다커피,커피,2011.12.02,법인,2018.09.14,"50,025","391,263","-341,238","187,263","-87,738","-88,165","72,118","58,211","13,907","177,674","-18,263","355,145","58,053","79,566","-21,513","152,940","-35,425","-35,420",2,1,3,1,0,4/1/2018,0,0,0,1,0,1,5,0,5,0,0,0,1,0,0,4,0,0,0,0,0,예치제,"32,500",0,0,0,"22,000","5,500","5,000","94,600","127,100","1,650",132,"66,000",2,1
4128,(주)편안,카페아이엠티,커피,2011.10.28,법인,2012.08.29,"431,302","237,549","193,753","1,239,448","30,709","21,444","804,724","585,339","219,385","930,764","38,535","25,632","765,310","517,426","247,884","845,366","2,191","28,499",2,4,6,2,0,11/8/2011,34,2,32,31,1,30,29,1,28,7,0,6,4,0,6,1,2,1,0,"10,941",0,예치제,"8,500",0,0,0,"3,300","2,200","3,000","80,300","88,800","2,420",50,"36,300",1,1
4130,(주)커피베이,커피베이,커피,2009.12.01,법인,2011.06.27,"10,602,246","7,787,835","2,814,411","19,285,047","967,851","399,811","11,176,081","7,848,734","3,327,347","23,193,160","2,560,472","512,935","11,454,498","7,860,715","3,593,783","26,830,016","2,932,592","766,436",1,81,82,1,0,6/30/2011,477,6,471,544,5,539,604,7,597,113,20,50,148,52,28,147,62,27,0,"1,262,028","78,146",보험,"13,800",0,0,0,"5,500","3,300","5,000","52,140","65,940","2,090",26,"16,720",2,1
4167,(주)제이엠커피컴퍼니,컴포즈커피(COMPOSECOFFEE),커피,2014.11.10,법인,2014.12.23,"2,765,180","1,498,670","1,266,510","5,439,159","815,352","654,856","3,673,341","1,407,147","2,266,194","6,516,524","1,127,362","1,003,504","7,349,962","3,097,601","4,252,361","12,769,577","2,420,029","2,113,811",1,19,20,1,0,8/11/2014,146,0,146,214,0,214,384,0,384,53,0,0,74,6,0,175,5,0,5,"534,838",0,보험,"12,700",0,0,0,"5,500","2,200","5,000","70,510","83,210","1,767",50,"26,510",2,1
4288,(주)홍두당,cafe근대골목도나스,커피,2016.07.01,법인,2018.05.21,"713,249","431,048","282,201","1,204,234","64,138","62,411","3,138,630","1,678,437","1,460,193","6,538,134","1,164,223","1,167,789","6,647,964","4,766,088","1,881,876","6,571,036","586,491","421,683",2,49,51,2,0,6/1/2018,0,0,0,3,3,0,4,4,0,0,0,0,0,0,0,0,0,0,0,0,0,예치제,"19,500",0,0,0,"11,000","5,500","3,000","228,800","248,300","2,750",132,"110,000",2,2
4293,(주)비브라더스,감성커피,커피,2013.12.02,법인,2018.01.26,"1,424,578","913,225","511,353","3,051,621","162,581","179,999","1,816,007","1,038,422","777,585","4,593,151","314,880","257,231","2,598,730","1,208,460","1,390,270","5,421,380","811,974","641,256",2,0,2,2,0,1/2/2018,0,0,0,121,0,121,162,0,162,0,0,0,121,0,0,60,0,19,0,"143,838",0,예치제,"7,500",0,0,0,"3,300","2,200","2,000","34,900","42,400","1,438",26,"11,500",3,1
4340,(자)동명식품서울지점,커피홀(coffeehole),커피,1985.01.01,법인,2011.05.25,"18,682,064","10,422,578","8,259,486","17,166,662","445,898","1,188,804","17,540,511","8,323,517","9,216,994","18,430,338","1,887,909","1,866,364","18,029,492","6,819,689","11,209,803","18,753,834","2,207,746","1,992,808",3,16,19,2,0,7/14/2011,34,0,34,25,0,25,24,0,24,20,1,19,6,6,9,3,0,5,0,"137,864","1,658",보험,"18,750",0,0,0,"8,250","5,500","5,000","54,340","73,090","1,980",26,"15,840",2,1
4343,조이풀컴퍼니(주),카페글렌,커피,2009.07.15,법인,2012.10.18,"701,638","613,545","88,093","1,578,027","59,512","54,257","800,847","703,187","97,660","1,317,609","9,747","9,567","777,873","537,151","240,722","1,951,022","132,823","143,062",1,6,7,1,0,11/9/2009,69,0,69,75,1,74,80,0,80,14,0,11,12,0,7,16,0,10,0,"5,176",0,예치제,"9,050",0,0,0,"5,500",550,"3,000","75,790","84,840","2,200",50,"33,000",2,2
4355,(주)에스에이치네트웍스,베스트빈,커피,2013.10.14,법인,2008.08.14,"10,528,629","8,703,162","1,825,467","875,604","141,657","-73,819","10,309,912","6,975,548","3,334,364","787,158","121,590","218,898","10,288,476","6,942,487","3,345,989","847,874","188,955","11,625",4,4,8,1,0,9/10/2004,34,0,34,30,0,30,29,0,29,1,1,2,0,1,3,2,0,3,0,498,0,보험,"3,300",0,0,0,"3,300",0,0,"44,550","47,850","1,870",33,"18,700",3,3
4362,(주)아슬란,카페아슬란,커피,2011.03.29,법인,2016.02.04,"813,010","3,704,994","-2,891,984","1,424,875","-92,988","-185,487","1,321,358","3,571,208","-2,249,850","3,989,928","357,580","642,133","1,531,881","3,679,038","-2,147,157","4,689,117","122,146","102,693",1,13,14,2,0,4/22/2016,5,3,2,6,4,2,5,3,2,1,0,0,1,1,0,0,0,0,0,"74,395",0,예치제,"36,500",0,0,0,"11,000","5,500","20,000","218,407","254,907","3,025",132,"121,000",2,1
4425,(주)로반스윗,로반스윗,커피,2017.03.20,법인,2019.06.07,"255,320","224,653","30,667","197,014","1,088",667,"223,907","184,230","39,677","785,042","6,690","9,009","222,935","174,883","48,052","646,205","7,580","8,374",4,3,7,1,0,10/24/2017,2,0,2,9,0,9,10,0,10,2,0,0,7,0,0,3,0,2,0,0,0,예치제,"8,500",0,0,0,"3,300","2,200","3,000","65,450","73,950","2,750",33,"27,500",2,1
4432,(주)떼루와,카페브루빈(cafeBREWBEAN),커피,2015.05.18,법인,2018.12.07,"849,311","330,355","518,956","2,029,743","-167,908","-138,084","610,401","228,223","382,178","657,796","-197,768","-136,777","521,800","140,179","381,621","430,106","-25,388",-577,2,5,7,2,0,12/27/2018,0,0,0,2,0,2,1,0,1,0,0,0,2,0,0,0,0,1,0,"9,240","11,526",보험,"10,800",0,0,0,"5,500","3,300","2,000","112,750","123,550","3,080",83,"77,000",3,1
4451,(주)커피코트,커피코트,커피,2014.02.24,법인,2016.06.21,"1,181,867","1,124,817","57,050","1,530,871","91,370","57,782","1,100,888","924,322","176,566","2,370,781","124,473","119,515","982,925","781,233","201,692","2,033,235","37,698","25,126",1,7,8,1,0,5/2/2016,20,2,18,35,2,33,37,2,35,14,0,1,16,0,1,6,0,4,0,"9,904",0,예치제,"13,000",0,0,0,"5,500","5,500","2,000","80,160","93,160","2,904",33,"29,040",3,1
4475,(주)벌크커피,벌크커피(BULKCOFFEE),커피,2016.11.10,법인,2018.05.17,"72,921","44,000","28,921",0,"-1,079","-1,078","387,868","217,846","170,022","4,027,779","106,039","141,100","532,453","161,911","370,542","5,489,703","121,533","177,113",4,19,23,1,0,1/15/2018,0,0,0,66,0,66,105,1,104,0,0,0,0,0,0,41,0,3,1,"4,250",0,보험,"10,800",0,0,0,"5,500","3,300","2,000","58,300","69,100","1,650",33,"16,500",2,2
4555,(주)버블엔젤,버블엔젤(BubbleAngel),커피,2017.06.12,법인,2017.11.02,"50,937","21,551","29,386","64,448","19,381","19,385","55,105","2,780","52,325","231,260","25,952","22,938","94,116","14,376","79,740","231,552","14,412","27,416",2,4,6,1,0,4/27/2020,1,1,0,1,1,0,1,1,0,0,0,0,0,0,0,0,0,0,0,0,0,예치제,"13,800",0,0,0,"5,500","3,300","5,000","65,450","79,250","2,750",33,"27,500",2,1
4558,(주)다빈치,다빈치커피,커피,2002.11.11,법인,2008.08.14,"5,997,237","2,641,636","3,355,601","4,130,907","-95,558","122,694","4,707,020","2,598,910","2,108,110","2,874,618","-110,234","-256,816","4,330,314","2,169,818","2,160,496","2,665,859","-129,587","54,811",3,28,31,2,0,2/1/1997,42,3,39,29,2,27,21,2,19,0,7,0,0,0,12,0,3,5,0,0,"1,541",보험,"16,000",0,0,0,"11,000",0,"5,000","161,700","177,700","2,400",109,"79,200",3,1
4559,(주)다빈치,카페다빈치,커피,2002.11.11,법인,2008.08.14,"5,997,237","2,641,636","3,355,601","4,130,907","-95,558","122,694","4,707,020","2,598,910","2,108,110","2,874,618","-110,234","-256,816","4,330,314","2,169,818","2,160,496","2,665,859","-129,587","54,811",3,28,31,2,0,9/29/2006,11,4,7,7,2,5,6,2,4,0,1,0,0,0,2,0,1,0,0,0,"1,541",보험,"21,500",0,0,0,"16,500",0,"5,000","249,500","271,000","3,080",165,"154,000",3,1
4600,(주)지핸즈,핸즈커피(HANDSCOFFEE),커피,2012.09.01,법인,2008.09.25,"5,671,335","4,589,646","1,081,689","7,612,709","268,042","109,977","5,679,653","4,243,951","1,435,702","9,440,550","302,590","154,013","5,798,073","4,221,971","1,576,102","11,641,379","276,101","180,095",3,52,55,1,0,8/1/2007,86,2,84,87,1,86,94,1,93,11,0,11,10,0,8,15,0,8,0,"73,073",0,예치제,"25,500",0,0,0,"13,500","2,000","10,000","162,001","187,501","3,816",79,"91,594",5,0
4638,(주)에스이엠,마시그래이,커피,2014.04.24,법인,2014.07.21,"1,754,484","673,373","1,081,111","3,936,759","227,291","188,548","1,782,647","602,029","1,180,618","2,946,541","108,740","99,506","1,927,335","662,100","1,265,235","2,484,898","101,542","84,617",2,7,9,1,0,5/28/2014,81,4,77,80,1,79,76,1,75,14,0,4,8,0,6,11,0,15,0,0,0,예치제,"7,700",0,0,0,"5,500","2,200",0,"55,000","62,700","2,750",33,"27,500",2,1
4673,(주)더블유씨엠인터내셔널,터치카페,커피,2014.02.27,법인,2018.04.06,"292,526","34,138","258,388","139,959","9,820","10,099","638,342","289,847","348,495","1,707,723","103,318","98,860","1,127,573","221,715","905,858","2,770,432","534,453","557,363",2,5,7,1,0,9/15/2017,5,2,3,32,1,31,45,3,42,3,0,0,28,0,0,13,2,0,0,300,0,해당없음,0,0,0,0,0,0,0,"71,500","71,500","5,500",13,"22,000",5,2
4686,(주)비비인터내셔널,9cafe,커피,2016.07.01,법인,2016.08.22,"1,122,449","1,264,798","-142,349","1,823,499","-73,653","-61,127","1,124,716","1,254,851","-130,135","1,471,230","-51,144","12,213","998,346","1,112,832","-114,486","1,199,523","-19,002","15,649",1,5,6,1,0,9/1/2016,19,9,10,19,9,10,13,4,9,0,0,4,1,0,1,0,0,1,0,0,0,보험,"14,900",0,0,0,"6,600","3,300","5,000","66,000","80,900","2,750",33,"27,500",2,1
4696,(주)더바움코리아,더바움(TheBAUM),커피,2017.06.02,법인,2018.05.04,"924,526","1,051,801","-127,275","276,812","-227,279","-227,275","1,099,657","1,515,052","-415,395","901,789","-282,794","-288,119","1,264,404","1,777,792","-513,388","1,449,676","-92,245","-97,992",2,2,4,1,0,5/1/2018,2,2,0,7,2,5,14,1,13,0,0,0,5,0,0,10,2,0,0,"2,925",0,보험,"19,300",0,0,0,"11,000","3,300","5,000","64,900","84,200","2,530",33,"25,300",3,2
4757,(주)티앤피아이코리아,세가프레도,커피,2015.08.05,법인,2016.12.19,"2,472,481","5,213,144","-2,740,663","2,490,299","1,380,217","-1,370,686","1,663,262","4,999,883","-3,336,621","2,162,247","-585,373","-595,957","1,515,465","4,963,597","-3,448,132","1,726,108","-71,864","-111,512",4,24,28,1,0,6/1/2017,7,4,3,5,2,3,4,2,2,3,0,0,0,0,0,0,0,1,0,0,0,예치제,"23,700",0,0,0,"16,500","2,200","5,000","98,700","122,400","2,750",66,"55,000",2,1
4782,"CBTLFranchising,LLC.",TheCoffeeBean&TeaLeaf,커피,2001.03.23,법인,2015.11.13,"10,276,000","21,738,000","-11,462,000","11,220,000","9,477,000","7,729,000","2,392,000","2,990,000","-598,000","26,666,000","18,106,000","16,318,000","1,007,000","6,060,000","-5,053,000","7,441,000","6,486,000","5,212,000",4,4091,4095,1,1,3/23/2001,288,0,288,291,0,291,291,0,291,47,13,0,19,16,0,17,17,0,0,0,0,해당없음,0,0,0,0,0,0,0,"150,000","150,000","1,786",215,"116,060",5,5
4785,(주)더쉐프,텐퍼센트스페셜티커피,커피,2013.06.18,법인,2018.03.09,"630,596","172,827","457,769","1,055,617","19,440","14,304","691,639","194,105","497,534","1,276,028","44,355","39,764","851,445","299,078","552,367","2,290,881","59,843","54,833",1,10,11,3,0,1/2/2018,0,0,0,8,0,8,33,0,33,0,0,0,8,0,0,25,0,0,0,"80,786",0,예치제,"10,800",0,0,0,"5,500","3,300","2,000","61,050","71,850","2,090",33,"20,900",2,1
4803,에이원인터컴(주),호이안로스터리,커피,2011.09.29,법인,2019.07.30,"1,492,349","1,250,753","241,596","2,325,505","86,889","57,970","2,140,608","1,825,849","314,759","2,357,238","131,733","92,663","2,646,100","2,298,036","348,064","2,107,924","88,622","52,804",2,3,5,1,0,5/7/2019,0,0,0,0,0,0,2,1,1,0,0,0,0,0,0,1,0,0,0,0,0,보험,"10,800",0,0,0,"5,500","3,300","2,000","111,130","121,930","2,679",99,"80,363",2,1
4810,(주)라붐팩토리,라붐커피(LABOOMCOFFEE),커피,2014.05.09,법인,2020.07.08,"1,257,475","873,782","383,693","1,958,014","99,212","70,905","1,695,550","1,191,194","504,356","2,992,706","77,545","120,663","1,771,483","1,245,388","526,095","2,556,774","14,492","21,739",1,27,28,1,0,12/2/2015,5,2,3,5,2,3,5,2,3,2,0,0,0,0,0,0,0,0,0,"1,370",0,보험,"43,000",0,0,0,"22,000","11,000","10,000","227,150","270,150","2,915",165,"145,750",2,1
4846,(주)카페홀릭,카페홀릭(CAFEHOLIC),커피,2013.09.01,법인,2018.02.21,"246,195","547,546","-301,351","659,371","-22,479","-23,960","312,136","605,110","-292,974","802,996","7,457","8,377","452,449","797,441","-344,992","695,461","-51,396","-52,017",2,1,3,2,0,1/25/2015,8,2,6,9,1,8,9,1,8,5,1,0,3,1,0,0,0,0,0,"3,369",0,예치제,"16,200",1,0,0,"9,900","3,300","3,000","41,800","58,000","1,375",26,"11,000",1,1
4847,(주)카페홀릭,웨일즈커피(WHALESCOFFEE),커피,2013.09.01,법인,2018.02.21,"246,196","547,547","-301,351","659,371","-22,479","-23,960","312,136","605,110","-292,974","802,996","7,457","8,377","452,449","797,441","-344,992","695,461","-51,396","-52,017",2,1,3,2,0,11/1/2018,1,1,0,2,1,1,3,1,2,0,0,0,1,0,0,1,0,0,0,"3,369",0,예치제,"21,500",1,0,0,"13,200","3,300","5,000","109,450","130,950","1,833",99,"55,000",1,1
4899,(주)우드앤우즈,카카듀,커피,2012.02.14,법인,2018.01.25,"2,594,909","935,978","1,658,931","1,828,439","7,141","34,796","2,746,433","1,047,817","1,698,616","1,727,315","36,483","39,685","2,794,663","994,421","1,800,242","1,592,067","86,502","80,085",4,3,7,1,0,1/2/2017,7,3,4,4,0,4,4,0,4,4,0,0,1,1,0,0,0,0,0,232,0,보험,"13,800",0,0,0,"5,500","3,300","5,000","72,160","85,960","2,200",50,"33,000",2,1
4952,(주)바리스타비,바리스타비,커피,2009.06.29,법인,2009.08.21,"146,991","48,472","98,519","164,646","-6,984","-8,265","139,756","40,256","99,500","110,702","2,481",979,"97,270","59,091","38,179","70,307","-61,663","-61,320",3,1,4,2,0,9/13/2009,19,0,19,11,0,11,11,0,11,2,2,0,1,8,1,0,0,0,0,0,0,보험,"3,300",0,0,0,"2,200","1,100",0,"33,000","36,300","2,860",17,"14,300",2,2
4996,(주)아프리카커피가게앤학원,아프리카커피초콜릿,커피,2015.08.18,법인,2017.12.29,"490,303","455,008","35,295","356,198","-48,295","9,024","496,823","454,617","42,206","508,584",-921,"6,910","531,895","481,904","49,991","428,741","5,397","7,785",6,7,13,1,0,6/1/2016,6,2,4,7,1,6,11,2,9,1,0,0,2,0,0,3,0,0,0,"1,088",0,예치제,"13,800",0,0,0,"5,500","3,300","5,000","65,200","79,000","3,333",30,"30,000",2,1
4999,(주)베모스,카페띠아모,커피,2006.09.29,법인,2009.09.02,"6,584,122","4,445,301","2,138,821","9,213,748","141,396","58,826","6,519,026","4,333,996","2,185,030","6,871,510","131,435","46,206","6,138,192","4,383,454","1,754,738","4,720,407","-289,947","-430,291",5,12,17,1,0,4/1/2005,155,7,148,137,7,130,118,4,114,8,21,0,4,22,0,1,17,0,0,"20,389",0,예치제,"21,000",0,0,0,"7,700","3,300","10,000","156,051","177,051","2,983",99,"89,500",3,1
5019,(주)에스앤큐플러스,토프레소,커피,2012.08.22,법인,2008.09.11,"2,303,810","1,904,735","399,075","6,381,871","48,645","21,897","2,316,013","1,896,199","419,814","6,313,827","31,686","20,739","2,205,353","1,790,537","414,816","5,601,859","2,505","-4,997",3,27,30,1,0,10/1/2005,246,1,245,239,1,238,225,0,225,31,0,42,25,0,32,22,0,35,0,"158,678",0,보험,"8,600",0,0,0,"3,300","3,300","2,000","58,916","67,516","2,475",26,"19,800",2,1
5074,(주)달콤,달콤,커피,2013.02.01,법인,2012.03.30,"14,984,792","10,251,334","4,733,458","20,048,468","574,013","602,671","24,472,784","20,470,151","4,002,633","18,540,778","-3,538,898","-3,585,467","25,972,183","28,151,020","-2,178,837","19,186,823","-3,854,347","-6,143,585",4,185,189,1,1,5/7/2012,174,22,152,169,31,138,171,33,138,54,0,12,19,0,20,14,1,14,1,"243,582","69,784",예치제,"21,000",0,0,0,"7,700","3,300","10,000","161,800","182,800","2,825",132,"113,000",3,3
5127,(주)전광수커피,전광수커피,커피,2018.01.01,법인,2016.04.07,"30,000",0,"30,000",0,0,0,"212,382","149,011","63,371","736,580","36,101","33,370","364,868","300,481","64,387","1,397,760","-7,146","1,015",2,13,15,1,0,3/21/2016,20,3,17,18,3,15,17,3,14,1,0,1,1,0,3,0,0,1,0,"20,707",0,예치제,"16,500",0,0,0,"3,500","8,000","5,000","158,000","174,500","3,000",83,"75,000",3,1
5129,(주)도남에프앤에프,커피펍스,커피,2011.12.09,법인,2015.11.26,"1,082,822","913,782","169,040","1,884,470","299,814","196,345","1,200,286","1,005,507","194,779","1,654,360","64,547","25,739","1,178,583","951,213","227,370","1,687,572","51,296","32,794",1,4,5,2,0,11/26/2015,4,0,4,3,0,3,2,0,2,1,0,1,0,0,1,0,0,1,0,0,0,예치제,"12,000",0,0,0,"8,800","2,200","1,000","33,880","45,880","2,200",33,"22,000",2,1
5150,(주)딜라잇코리아,DELIGHT6(딜라잇식스),커피,2016.06.07,법인,2016.09.07,"426,859","580,982","-154,123","417,969","-154,973","-156,238","398,948","675,275","-276,327","444,957","-117,275","-122,203","383,358","681,172","-297,814","532,955","-21,237","21,487",2,1,3,1,0,6/21/2016,4,0,4,4,0,4,4,0,4,1,0,1,0,0,0,0,0,0,0,855,0,예치제,"13,800",0,0,0,"5,500","3,300","5,000","52,800","66,600","1,870",33,"18,700",2,1
5178,(주)카페판다,카페판다,커피,2017.06.23,법인,2020.01.06,"149,965","158,046","-8,081","158,614","-27,063","-28,081","245,056","286,417","-41,361","500,451","-115,573","-112,128","568,384","721,702","-153,318","832,569","-111,902","-111,956",1,3,4,1,0,7/19/2019,2,2,0,3,3,0,10,6,4,0,0,0,0,0,0,4,0,0,0,155,0,예치제,"8,600",0,0,0,"3,300","3,300","2,000","53,350","61,950","2,200",33,"22,000",2,2
5189,(주)나인어클락,나인어클락커피,커피,2014.08.30,법인,2014.10.07,"53,318","113,301","-59,983","122,797","-30,109","-32,610","38,932","110,333","-71,401","160,933","-9,007","-11,418","32,112","102,959","-70,847","181,285",220,553,2,1,3,1,0,8/1/2014,12,1,11,7,1,6,3,1,2,4,0,1,0,5,0,0,4,0,0,0,0,예치제,"4,950",0,0,0,"3,300","1,650",0,"67,100","72,050","2,200",66,"44,000",2,1
5202,(주)웨이닝코리아,더웨이닝커피(THEWAIN-INGCOFFEE),커피,2011.07.20,법인,2012.03.16,"1,566,562","1,207,727","358,835","2,447,193","130,508","88,422","1,951,549","1,458,124","493,425","3,013,336","128,706","134,590","2,748,380","1,867,997","880,383","3,595,640","360,417","386,958",3,28,31,1,0,2/22/2010,32,3,29,34,4,30,36,4,32,4,4,0,2,1,0,6,4,0,0,0,0,보험,"16,000",0,0,0,"7,700","3,300","5,000","145,200","161,200","2,420",99,"72,600",3,1
5211,(주)씨티씨피,커피더캠프,커피,2016.11.15,법인,2016.12.21,"434,971","311,821","123,150","1,135,531","76,695","63,363","870,254","676,150","194,104","1,138,406","90,981","70,953","1,081,467","884,273","197,194","1,102,721","28,776","3,090",2,16,18,1,0,11/29/2016,26,2,24,23,2,21,19,2,17,14,0,0,2,0,5,1,7,0,0,"14,679",0,보험,"4,650",0,0,0,0,"1,650","3,000","74,272","78,922","1,870",50,"28,050",2,1
5216,(주)프롬하츠,프롬하츠(FROMHEARTS),커피,2016.02.18,법인,2017.10.13,"395,251","212,335","182,916","577,073","87,118","165,264","667,274","447,931","219,343","1,139,845","-28,449","36,425","1,128,826","905,459","223,367","1,753,353","10,570","4,025",1,17,18,1,0,3/1/2016,6,1,5,11,3,8,16,5,11,4,0,0,3,0,0,3,0,0,0,"2,939",0,보험,"16,350",0,0,0,"7,700","1,650","7,000","134,200","150,550","2,035",99,"61,050",3,2
5229,(주)브라우니30,카페브라우니30(CAFEBROWNY30),커피,2016.12.01,법인,2018.02.23,"188,927","241,246","-52,319","282,395","-38,241","-41,006","139,353","168,808","-29,455","391,886","26,023","22,863","95,275","121,768","-26,493","182,530",792,"2,963",1,0,1,1,1,12/20/2016,2,1,1,4,1,3,4,1,3,1,0,0,2,0,0,0,0,0,0,0,"1,413",보험,"19,300",0,0,0,"11,000","3,300","5,000","106,272","125,572","2,200",50,"33,000",2,2
5279,카페일루이스(주),카페일루이스,커피,2009.03.02,법인,2009.04.17,"996,596","971,524","25,072","2,077,285","41,779","5,332","1,407,070","1,347,063","60,007","1,663,632","52,113","34,935","1,573,599","1,508,005","65,594","1,452,904","49,708","5,586",2,9,11,1,0,1/1/2008,41,3,38,37,1,36,36,0,36,1,6,0,6,0,8,3,0,3,0,"5,362",0,예치제,"12,980",0,0,0,"11,000","1,980",0,"187,722","200,702","3,000",132,"120,000",1,1
5281,뜰5커피,뜰커피,커피,2019.04.24,개인,2018.03.15,"44,088",153,"43,935","172,952","10,534","10,534","69,234","4,845","64,389","369,681","24,905","24,854","21,156","1,868","19,288","516,608","-20,900","-20,900",1,0,1,1,0,6/25/2018,1,1,0,6,0,6,17,1,16,0,0,0,6,0,0,10,0,0,0,0,0,보험,"7,500",0,0,0,"5,500","1,100","2,000","90,200","98,800","2,750",50,"41,250",2,1
5303,(주)에스엠홀딩스,앤더스커피(anduscoffee),커피,2012.02.15,법인,2014.01.10,"87,101","678,479","-591,378","45,511","-107,026","-107,022","83,414","781,148","-697,734","36,000","-106,361","-106,356","86,712","811,689","-724,977","72,781","-27,248","-27,242",2,1,3,1,0,2/15/2014,1,0,1,2,0,2,2,0,2,0,0,1,1,0,0,0,0,0,0,0,0,보험,"11,600",0,0,0,"3,300","3,300","5,000","96,800","108,400","2,750",66,"55,000",1,1
5351,(주)무진,텐퍼센트스페셜티커피,커피,2016.12.01,법인,2018.08.31,"273,461","277,230","-3,769","690,172","-41,201","-37,982","656,296","310,910","345,386","2,101,140","235,221","249,155","778,470","799,809","-21,339","1,917,450","-420,869","-366,724",3,20,23,3,0,3/27/2020,0,0,0,2,2,0,4,1,3,0,0,0,0,0,0,3,0,0,0,"26,800",0,예치제,"10,700",0,0,0,"5,500","2,200","3,000","63,250","73,950","2,200",33,"22,000",2,1
5385,(주)비케이컴퍼니,아마스빈,커피,2014.04.10,법인,2013.07.08,"139,526","69,242","70,284","348,056","109,956","111,441","865,924","331,937","533,987","1,291,909","461,346","463,702","1,484,119","787,048","697,071","1,925,058","247,871","245,726",4,8,12,1,0,8/12/2008,49,0,49,78,1,77,126,1,125,8,2,0,32,4,0,48,0,0,0,"99,263",0,예치제,"11,800",0,0,0,"5,500","3,300","3,000","54,800","66,600","2,200",33,"22,000",1,1
5400,(주)더츠굿,더츠커피,커피,2011.07.01,법인,2015.07.16,"4,088,732","3,486,187","602,545","2,337,208","-435,113","14,516","5,208,743","4,599,476","609,267","1,963,562","-1,794","6,721","3,833,464","3,315,213","518,251","1,803,853","-118,699","-91,015",3,12,15,1,0,4/13/2012,5,3,2,7,4,3,6,3,3,0,0,0,1,0,0,0,0,0,0,153,0,예치제,"16,200",0,0,0,"11,000","2,200","3,000","145,200","161,400","2,750",132,"110,000",3,3
5415,(주)경성글로벌,경성코페,커피,2017.02.09,법인,2017.08.18,"371,531","243,838","127,693","1,385,351","-71,143","-71,096","390,117","350,894","39,223","731,596","-88,386","-88,469","379,754","368,871","10,883","930,962","-28,033","-28,340",5,5,10,1,0,2/19/2017,8,1,7,11,1,10,11,0,11,7,0,0,3,0,0,2,0,1,0,790,0,예치제,"17,300",0,0,0,"11,000","3,300","3,000","167,200","184,500","2,420",132,"96,800",3,1
5460,(주)핵가족,핵커피,커피,2016.08.11,법인,2016.01.18,"1,795,791","1,304,761","491,030","7,009,721","355,655","302,711","2,267,736","1,598,951","668,785","5,818,211","174,903","177,754","2,561,924","1,791,242","770,682","5,256,298","195,909","101,897",2,14,16,7,0,8/27/2015,3,0,3,4,0,4,3,0,3,0,0,1,2,0,1,0,0,1,0,"26,285",0,예치제,"10,800",0,0,0,"5,500","3,300","2,000","50,380","61,180","2,475",26,"19,800",3,2
5498,(주)지인터내셔날피엔케이,TOBBYS(토비즈커피),커피,2016.10.28,법인,2018.10.17,"95,724","58,751","36,973","530,242","20,183","20,194","332,991","5,656","327,335","509,065","21,059","20,362","397,005","36,055","360,950","840,886","25,733","33,615",2,0,2,1,0,11/15/2018,0,0,0,3,2,1,4,3,1,0,0,0,1,0,0,0,0,0,0,805,0,예치제,"21,500",0,0,0,"11,000","5,500","5,000","143,000","164,500","2,640",83,"66,000",2,2
5529,(주)푸디아,하와이코나사자커피,커피,2009.12.21,법인,2014.05.19,"713,249","431,048","282,201","1,204,234","64,138","62,411","860,364","577,861","282,503","599,446","-6,744",301,"817,826","537,703","280,123","311,212","9,570","-2,379",3,3,6,1,0,1/15/2008,10,5,5,6,2,4,6,3,3,0,0,0,1,2,0,0,1,0,0,0,0,예치제,"13,000",2,0,0,"8,800","2,200","2,000","59,400","72,400","2,200",50,"33,000",2,2
5540,(주)슈퍼커피,슈퍼커피,커피,2014.04.01,법인,2014.05.15,"515,847","408,825","107,022","1,666,142","11,062","-10,419","449,106","339,474","109,632","1,126,548","11,997","2,610","462,755","344,283","118,472","1,041,649","-1,917","8,839",1,6,7,1,0,1/1/2014,46,3,43,38,2,36,33,1,32,4,10,0,0,7,0,3,0,7,0,151,0,예치제,"17,100",0,0,0,"8,800","3,300","5,000","48,598","65,698","3,668",23,"25,674",2,2
5562,(주)주원에프앤비,하바나익스프레스,커피,2014.05.08,법인,2015.01.06,"895,771","355,999","539,772","732,923","85,492","55,129","873,024","322,951","550,073","321,167","-11,309","10,299","854,524","293,756","560,768","177,581","17,988","10,694",1,3,4,1,0,5/8/2014,33,0,33,25,0,25,15,0,15,2,7,0,3,11,0,0,10,0,0,0,0,예치제,"10,700",0,0,0,"5,500","2,200","3,000","68,200","78,900","2,420",33,"24,200",2,2
5593,㈜디저트플러스,차뜨라므,커피,2016.09.09,법인,2017.11.17,"170,582","238,304","-67,722","72,939","-62,661","-69,043","261,381","434,921","-173,540","276,755","-104,332","-105,818","143,273","123,428","19,845","587,844","-100,447","143,385",1,0,1,1,0,8/29/2018,1,1,0,4,3,1,3,2,1,0,0,0,1,0,0,0,0,0,0,"1,856",0,예치제,"20,500",0,0,0,"15,400","1,100","4,000","103,400","123,900","2,567",50,"38,500",2,1
5610,(주)에소코리아,포트오브모카(PortofMocha),커피,2015.02.09,법인,2012.04.05,"208,153","56,109","152,044","1,153,608","46,576","41,372","333,284","158,465","174,819","938,968","42,466","22,775","255,247","311,239","-55,992","655,534","-241,990","-230,810",3,4,7,1,0,4/3/2011,34,0,34,31,0,31,28,0,28,8,3,0,0,3,0,2,5,0,0,"2,743",0,예치제,"12,900",0,0,0,"6,600","3,300","3,000","40,370","53,270","1,815",26,"14,520",3,2
5612,펩코코리아(주),SmithBarney,커피,2010.07.30,법인,2018.08.06,"534,102","162,789","371,313","2,432,251","-17,246","-44,404","637,190","212,486","424,704","2,243,491","13,193","53,391","706,009","224,837","481,172","2,237,958","46,062","56,467",2,16,18,1,0,9/1/2018,1,1,0,2,1,1,1,0,1,0,0,0,1,0,0,0,0,0,0,"101,463",0,예치제,"13,550",0,0,0,"8,250","3,300","2,000","34,650","48,200","2,200",33,"22,000",3,2
5627,(주)라벨스하이디,라벨스하이디,커피,2017.04.10,법인,2018.01.09,"297,107","86,517","210,590","48,733","-88,767","-87,138","310,895","184,828","126,067","389,728","-87,344","-84,524","203,359","289,862","-86,503","162,298","-211,213","-212,569",2,1,3,1,0,3/17/2018,0,0,0,9,0,9,9,0,9,0,0,0,9,0,0,0,0,0,0,0,0,예치제,"12,000",0,0,0,"7,700","3,300","1,000","102,080","114,080","1,980",83,"49,500",2,1
5687,(주)지제이케이홀딩스,록시드갸토(LOXIDGATEAU),커피,2016.04.15,법인,2020.05.16,"366,620","319,104","47,516","504,466","16,796","13,830","449,147","377,543","71,604","1,637,364","38,236","24,087","1,128,131","849,213","278,918","1,622,872","147,729","118,524",2,3,5,2,0,10/4/2018,0,0,0,2,0,2,13,0,13,0,0,0,2,0,0,11,0,0,0,0,0,예치제,"21,500",0,0,0,"11,000","5,500","5,000","59,950","81,450","2,200",33,"22,000",2,1
5724,(주)도노텀블,도노텀블,커피,2015.12.01,법인,2016.02.26,"246,082","190,781","55,301","480,153","41,440","37,152","306,409","57,486","248,923","474,495","-1,462","2,185","409,620","63,202","346,418","511,109","10,085","5,716",4,3,7,1,1,12/1/2015,11,0,11,11,0,11,16,0,16,3,0,2,4,0,4,6,0,2,0,0,0,예치제,"12,700",0,0,0,"5,500","2,200","5,000","53,570","66,270","1,980",33,"19,800",2,1
5733,(주)해리스,해리스카페,커피,2009.10.14,법인,2012.08.21,"1,353,128","1,226,146","126,982","1,164,611","30,431","22,852","1,511,104","1,369,663","141,441","1,449,640",-819,"14,458","1,408,007","1,220,480","187,527","895,168","-138,663","-103,913",2,7,9,1,0,2/1/2010,35,5,30,26,2,24,23,1,22,5,4,0,3,6,3,2,3,1,0,256,0,예치제,"16,000",0,0,0,"7,700","3,300","5,000","104,500","120,500","2,200",99,"66,000",3,2
5746,(주)에스에이치리테일,슈퍼사이즈커피,커피,2006.03.06,법인,2014.09.30,"1,249,267","1,457,786","-208,519","3,704,149","71,664","44,234","1,395,463","1,446,514","-51,051","3,682,565","88,128","157,467","1,315,191","1,354,979","-39,788","3,047,551","-73,882","11,263",1,42,43,1,0,10/8/2014,22,3,19,17,3,14,16,3,13,5,0,2,1,1,5,0,0,1,0,"139,172","3,018",예치제,"10,800",0,0,0,"5,500","3,300","2,000","35,610","46,410","1,980",20,"11,880",2,1
5813,에이피씨(주),아필코(APILCO),커피,2017.09.08,법인,2017.11.15,"19,580",0,"19,580",0,-420,-420,"31,709","4,544","27,165","45,447","7,585","7,585","75,605","2,467","73,138","195,585","45,972","45,972",2,5,7,1,0,9/8/2017,1,0,1,2,0,2,4,0,4,1,0,0,1,0,0,2,0,0,0,0,0,보험,"43,500",0,0,0,"33,000","5,500","5,000","192,500","236,000","2,200",165,"110,000",2,1
5840,(주)카페폴인,어벤더치커피,커피,2015.09.11,법인,2017.03.10,"251,497","222,588","28,909","2,025,931","23,043","23,019","549,141","490,709","58,432","2,654,444","31,506","29,523","343,070","275,707","67,363","2,934,042","10,577","8,931",4,10,14,1,0,3/10/2017,14,0,14,37,0,37,46,1,45,14,0,0,23,0,0,9,0,1,0,"5,351",0,보험,"13,800",0,0,0,"5,500","3,300","5,000","75,350","89,150","1,980",33,"19,800",2,1
5858,(주)제이윈스(Jwins),더마스터커피,커피,2014.06.12,법인,2017.12.08,"136,779","204,107","-67,328","229,414","-63,599","-49,656","123,469","158,573","-35,104","354,314","34,425","32,224","93,220","197,485","-104,265","132,047","-69,840","-69,192",2,2,4,2,0,3/24/2017,5,0,5,8,0,8,10,0,10,5,0,0,3,0,0,2,0,0,0,"1,712",0,예치제,"9,700",0,0,0,"5,500","2,200","2,000","54,100","63,800","2,200",40,"26,400",3,1
5895,(주)커피볶는집,커피볶는집,커피,2016.04.12,법인,2009.12.31,"645,706","488,114","157,592","1,431,525","78,386","67,877","714,269","470,159","244,110","1,518,829","89,450","86,517","1,838,752","1,715,994","122,758","1,783,720","106,002","-181,352",1,14,15,1,0,1/2/2007,3,0,3,2,0,2,3,0,3,1,0,0,0,0,1,1,0,0,0,"11,956",0,예치제,"13,800",0,0,0,"5,500","3,300","5,000","135,850","149,650","2,200",132,"88,000",3,1
5928,카페코나퀸즈(주),카페코나퀸즈,커피,2013.01.07,법인,2015.06.19,"5,371,053","2,442,903","2,928,150","4,406,782","-1,069,473","-1,540,142","4,099,519","2,288,245","1,811,274","2,044,004","-1,048,696","-1,116,876","1,469,827","1,684,717","-214,890","1,031,704","-631,909","-2,026,163",4,7,11,1,0,4/21/2015,19,4,15,13,4,9,11,1,10,7,1,0,0,2,4,4,1,2,0,"11,325",0,예치제,"23,200",0,0,0,"11,000","2,200","10,000","182,600","205,800","2,750",83,"68,750",2,2
5943,(주)루머팡,루머팡,커피,2011.07.08,법인,2011.12.16,"878,767","844,485","34,282","657,489","-19,982","-19,853","1,140,657","1,137,683","2,974","538,296","-37,999","-31,307","555,084","559,144","-4,060","445,970","-5,289","-7,034",3,6,9,1,0,5/28/2008,23,0,23,17,0,17,16,0,16,3,5,0,0,6,0,0,1,0,0,0,0,예치제,"10,500",0,0,0,"4,400","1,100","5,000","47,500","58,000","1,500",50,"22,500",1,1
